Name,Maps CID,Email,Source URLs,Reason,Review Required
Bullock's Bar-B-Cue,17436381961949487963,bullocksbbq@gmail.com,https://www.allbiz.com/business/bullocks-bar-b-cue-919-383-3211,Restaurant-specific address published by a third-party source; business ownership/current use not confirmed. Do not disclose allergy information before confirming the recipient.,True
Casa Adela,7708228827112940491,casaadelarestaurant@gmail.com,https://callejero-nueva-york.openalfa.com/calles/avenue-c-east-village-ny-avenue-c,"Third-party public listing matches Casa Adela name, 66 Avenue C, and phone. Restaurant ownership/current use not confirmed; ask by phone before sharing allergy information.",True
Chavela's,11063974879855678350,d.detoy@chavelasnyc.com,https://www.allbiz.com/business/chavelas_7A-718-622-3100,Restaurant-specific address published by a third-party source; business ownership/current use not confirmed. Do not disclose allergy information before confirming the recipient.,True
Chavela's,11063974879855678350,info@chavelasnyc.com,https://www.allbiz.com/business/chavelas_7A-718-622-3100,Restaurant-specific address published by a third-party source; business ownership/current use not confirmed. Do not disclose allergy information before confirming the recipient.,True
Cucciolo Osteria Durham,9923651188902399396,info@cucciolodurham.com,https://www.bizarchive.com/business/cucciolo-osteria-durham-984-243-8744,Restaurant-specific address published by a third-party source; business ownership/current use not confirmed. Do not disclose allergy information before confirming the recipient.,True
Davelle,5861517072687391690,102suffolk@gmail.com,https://www.raisin.digital/en/explore/united-states/new-york/venues/davelle-6637/,Restaurant-specific address published by a third-party source; business ownership/current use not confirmed. Do not disclose allergy information before confirming the recipient.,True
dùndú,9737517409101643443,info@eatdundu.com,https://findit.city/en/usa/new-york-city/places/restaurants/dundu-13250232453,Restaurant-specific address published by a third-party source; business ownership/current use not confirmed. Do not disclose allergy information before confirming the recipient.,True
Essex Pearl,14094610942188900246,nicolew@essexpearl.com,https://www.bizarchive.com/business/essex-pearl-347-899-4998,Restaurant-specific address published by a third-party source; business ownership/current use not confirmed. Do not disclose allergy information before confirming the recipient.,True
Kashin Japanese Restaurant,10554129225102488481,nauashika@gmail.com,https://www.allbiz.com/business/kashin-japanese-restaurant-919-851-7101 | https://www.superpages.com/cary-nc/bpp/kashin-japanese-restaurant-4638014 | https://www.yellowpages.com/cary-nc/mip/kashin-japanese-restaurant-4638014,Restaurant-specific address published by a third-party source; business ownership/current use not confirmed. Do not disclose allergy information before confirming the recipient.,True
Kashin Japanese Restaurant,10554129225102488481,p.su@kashin.com,https://www.allbiz.com/business/kashin-japanese-restaurant-919-851-7101,Restaurant-specific address published by a third-party source; business ownership/current use not confirmed. Do not disclose allergy information before confirming the recipient.,True
King's Sandwich Shop,4495292523829767347,info@kingssandwichshop.com,https://www.allbiz.com/business/kings-sandwich-shop_23-919-682-0071,Restaurant-specific address published by a third-party source; business ownership/current use not confirmed. Do not disclose allergy information before confirming the recipient.,True
Kong Sihk Tong,10748335056092115031,kstchinatown88@gmail.com,https://uspto.report/TM/88832155/APP20200316081406/,"Primary applicant/correspondence mailbox in a 2020 trademark application matching 65 Bayard Street. Legal/registration source, not verified as a current customer contact.",True
Mango Mango Dessert,5641423486421256705,info@mangomangodessert.com,https://www.franchimp.com/?page=franchisor&id=108604,Restaurant-specific address published by a third-party source; business ownership/current use not confirmed. Do not disclose allergy information before confirming the recipient.,True
Mile End Delicatessen,3781591695421244719,info@mileenddeli.com,https://localbizdirectoryweb.com/business/mile-end-delicatessen-97-hoyt-st-brooklyn-ny-11217-usa-brooklyn-new-york,Restaurant-specific address published by a third-party source; business ownership/current use not confirmed. Do not disclose allergy information before confirming the recipient.,True
New York City Bagel & Coffee House,16623196728623872433,info@nycbch.com,https://www.allbiz.com/business/new-york-city-bagel-coffee-house-718-728-9500,Restaurant-specific address published by a third-party source; business ownership/current use not confirmed. Do not disclose allergy information before confirming the recipient.,True
Robert Is Here Fruit Stand,2386359721089068313,fresh@robertishere.com,https://www.bringfido.com/attraction/44171,Restaurant-specific address published by a third-party source; business ownership/current use not confirmed. Do not disclose allergy information before confirming the recipient.,True
Robert Is Here Fruit Stand,2386359721089068313,info@robertishere.com,https://farmhopflorida.com/farm/robert-is-here-fruit-stand,Restaurant-specific address published by a third-party source; business ownership/current use not confirmed. Do not disclose allergy information before confirming the recipient.,True
Steve's Authentic Key Lime Pie,5125498463329484593,inquiry@keylime.com,https://maps.roadtrippers.com/us/new-york-ny/food-drink/steve-s-authentic-key-lime-pie,Restaurant-specific address published by a third-party source; business ownership/current use not confirmed. Do not disclose allergy information before confirming the recipient.,True
Sweet Cake,7328116076083836182,sweetmomentcakeinc@gmail.com,https://www.chamberofcommerce.com/business-directory/new-york/flushing/dessert-shop/2023016365-sweet-cake,Restaurant-specific address published by a third-party source; business ownership/current use not confirmed. Do not disclose allergy information before confirming the recipient.,True
The Dolar Shop Hot Pot Manhattan,10961231163429798436,dolarshopev@gmail.com,https://www.chamberofcommerce.com/business-directory/new-york/new-york/hot-pot-restaurant/2032618904-the-dolar-shop-hot-pot-manhattan,Restaurant-specific address published by a third-party source; business ownership/current use not confirmed. Do not disclose allergy information before confirming the recipient.,True
Wah Fung No.1 Fast Food,18144509120592532874,support@wahfungno1fastfood.site,https://wahfungno1fastfood.goldenpalacebrooklyn.site/ | https://wahfungno1fastfood.goldenpalacebrooklyn.site/reservation/ | https://wahfungno1fastfood.goldenpalacebrooklyn.site/discover-our-story/,Published on a third-party/directory-style site; not verified as restaurant-owned.,True
