Name,Saved List Name,Maps CID,Place ID,Address,Phone,Website,Business Status,Details Source,API Lookup,Verified Emails,Email Outcome
SILK ROAD BITES,SILK ROAD BITES,13105263229821490453,ChIJr3pDWwBfwokRFZV_DXk_37U,"36-02 Steinway St, Long Island City, NY 11101",(718) 406-9081,https://silkroad-bites.web.app/,OPERATIONAL,google_maps_observed_response,NOT_REQUESTED,,not_found_on_checked_pages
Gennaro Restaurant,Gennaro Restaurant,17780813817686011923,ChIJgZf5t4JYwokREzCI3PUjwvY,"Gennaro Restaurant, 665 Amsterdam Ave, New York, NY 10025, USA",(212) 665-5348,https://www.gennaronyc.com/,OPERATIONAL,google_places_legacy,OK,gennaro@gennaronyc.com,found
R40,R40,11376743086392743490,ChIJmfa2wdVZwokRQhZSfY9P4p0,"47-16 Vernon Blvd, Long Island City, NY 11101, USA",(718) 440-9484,http://www.r40lic.com/,OPERATIONAL,google_places_legacy,OK,events@r40lic.com jobs@r40lic.com maitred@r40lic.com r40lic@gmail.com,found
Good Time Country Buffet,Good Time Country Buffet,10658260548624292178,ChIJLyAweABZwokRUplPxH-_6ZM,"166 1st Ave, New York, NY 10009, USA",(646) 454-1844,http://www.goodtimebuffet.com/,OPERATIONAL,google_places_legacy,OK,contact@goodtimebuffet.com goodtime@hellobecca.com,found
Ayat Astoria,Ayat Astoria,151863823242530231,ChIJN1WcdwBfwokRt42atleHGwI,"33-25 Crescent St, Astoria, NY 11106, USA",(347) 242-2887,https://www.ayatnyc.com/location/astoria/?utm_source=google&utm_medium=organic&utm_campaign=gbp-profile%20&utm_content=ast,OPERATIONAL,google_places_legacy,OK,,incomplete_lookup
Sami's Kabab House,Sami's Kabab House,5502859836174318141,ChIJp_5OfTJfwokRPTrvl90VXkw,"35-57 Crescent St, Astoria, NY 11106, USA",(917) 832-7165,https://samis.nyc/,OPERATIONAL,google_places_legacy,OK,,incomplete_lookup
SLIK,SLIK,9942930507435755690,ChIJ6ws3JwBZwokRqkga2p1i_Ik,"437 E 12th St, New York, NY 10009, USA",(212) 510-7413,https://www.sliknyc.com/,OPERATIONAL,google_places_legacy,OK,,contact_form_only
Matsunori Handroll Bar,Matsunori Handroll Bar,1504209005440274093,ChIJKYSwRQRZwokRrQ427R4G4BQ,"27-09 Thomson Ave, Long Island City, NY 11101, USA",(347) 396-5091,https://matsunori.com/lic,OPERATIONAL,google_places_legacy,OK,lic@matsunori.com,found
ChiChicken 吃鸡,ChiChicken 吃鸡,5553631354886782585,ChIJoSrPE3dZwokReX5_-Up2Ek0,"42-59 Hunter St, Long Island City, NY 11101, USA",(718) 988-7788,http://www.chichicken.food/,OPERATIONAL,google_places_legacy,OK,,not_found_on_checked_pages
Astoria Bagel Shop,Astoria Bagel Shop,5119869549450136020,ChIJUyVxHFxfwokR1IlQnzpuDUc,"28-12 Ditmars Blvd, Astoria, NY 11105, USA",(718) 728-5169,,OPERATIONAL,google_places_legacy,OK,,no_website
Kabab Cafe,Kabab Cafe,3600165362728174469,ChIJR3kMeWpfwokRhQMUqlJb9jE,"25-12 Steinway St, Astoria, NY 11103, USA",(718) 728-9858,http://www.kababcafenyc.com/,OPERATIONAL,google_places_legacy,OK,kababcafe@hotmail.com,found
Gloucester Street Dock on the Esplanade,Gloucester Street Dock on the Esplanade,15440775127641952476,ChIJ1YORCKN744kR3BDJeyunSNY,"Storrow Dr, Boston, MA 02116, USA",,,OPERATIONAL,google_places_legacy,OK,,no_website
Mike's Pastry,Mike's Pastry,6240775701985139892,ChIJvflGxEJ344kRtJy2l2-wm1Y,"11 Dunster St, Cambridge, MA 02138, USA",(617) 661-0518,http://www.mikespastry.com/,OPERATIONAL,google_places_legacy,OK,,contact_form_only
Alive & Kicking Lobsters,Alive & Kicking Lobsters,10689143895533251378,ChIJP5j-lVh344kRMmtLTr13V5Q,"269 Putnam Ave, Cambridge, MA 02139, USA",(617) 876-0451,https://aliveandkickinglobster.com/,OPERATIONAL,google_places_legacy,OK,,not_found_on_checked_pages
L.A. Burdick Handmade Chocolates,L.A. Burdick Handmade Chocolates,11739614185594704226,ChIJZb4iO2h344kRYlGCFOd866I,"52 Brattle St, Cambridge, MA 02138, USA",(617) 491-4340,https://www.burdickchocolate.com/,OPERATIONAL,google_places_legacy,OK,burdick@burdickchocolate.com press@burdickchocolate.com,found
Café China,Café China,131987821963841036,ChIJhXTKrQBZwokRDA7Vijnq1AE,"59 W 37th St, New York, NY 10018, USA",(212) 213-2810,http://cafechina.nyc/,OPERATIONAL,google_places_legacy,OK,cafechina.nyc@gmail.com,found
Saiguette,Saiguette,11790043590765029613,ChIJg-WOqSP2wokR7ajr8S2mnqM,"935 Columbus Ave, New York, NY 10025, USA",(212) 866-8886,http://www.saiguette.com/,OPERATIONAL,google_places_legacy,OK,,not_found_on_checked_pages
Bánh,Bánh,9195422918215459343,ChIJs_09yZ73wokRD-K3t2y0nH8,"942 Amsterdam Ave, New York, NY 10025, USA",(917) 639-3151,http://banhny.com/,OPERATIONAL,google_places_legacy,OK,banhvny@gmail.com,found
heytea (Prince Street),heytea (Prince Street),9785417208795639290,ChIJD1o2Jm1hwokR-i1CJRvJzIc,"38-02 Prince St Floor 1, Flushing, NY 11354, USA",(347) 732-0666,https://www.heytea.com/,OPERATIONAL,google_places_legacy,OK,,not_found_on_checked_pages
Queen’s Room,Queen’s Room,11605934741466959490,ChIJS0-CIGZfwokRgs6ADyiQEKE,"36-02 Ditmars Blvd, Astoria, NY 11105, USA",(347) 987-3994,http://queensroomnyc.com/,OPERATIONAL,google_places_legacy,OK,events@queensroomnyc.com info@queensroomnyc.com,found
Consuelo,Consuelo,9156306539191812792,ChIJjzfZ3Vj3wokRuEIdA0m8EX8,"224 W 104th St, New York, NY 10025, USA",(646) 391-1123,https://www.cocinaconsuelonyc.com/consuelouws,OPERATIONAL,google_places_legacy,OK,,not_found_on_checked_pages
Jurin Sushi,Jurin Sushi,3583058144959464139,ChIJgce8EwpZwokRywLhI2aUuTE,"270 W 36th St. 2nd floor, New York, NY 10018, USA",(718) 838-2223,https://order.toasttab.com/online/jurinsushi,OPERATIONAL,google_places_legacy,OK,,incomplete_lookup
Esse Taco,Esse Taco,5656870612878589037,ChIJNcghJthZwokRbXz53Nk9gU4,"219 Bedford Ave, Brooklyn, NY 11211, USA",,http://essetaco.com/,OPERATIONAL,google_places_legacy,OK,info@essetaco.com,found
Hispanic Society Museum & Library,Hispanic Society Museum & Library,8935273510846446115,ChIJv9uJC4b2wokRI7r1wOp3AHw,"3741 Broadway, New York, NY 10032, USA",(212) 926-2234,http://www.hispanicsociety.org/,OPERATIONAL,google_places_legacy,OK,books@hispanicsociety.org info@hispanicsociety.org,found
The Pickle Guys,The Pickle Guys,11535667323179507687,ChIJXb4wVodZwokR5x8y1U_sFqA,"357 Grand St, New York, NY 10002, USA",(212) 656-9739,http://pickleguys.com/,OPERATIONAL,google_places_legacy,OK,sales@pickleguys.com,found
Sendo,Sendo,11404887461918447,ChIJL0OAY2VZwokR7_beSa-EKAA,"43 W 8th St 2nd Floor, New York, NY 10011, USA",(646) 400-1647,https://sendo.nyc/,OPERATIONAL,google_places_legacy,OK,team@sendo.nyc,found
"Chick It Out "" Khao Man Gai""","Chick It Out "" Khao Man Gai""",11793407230624889820,ChIJ00jGAthfwokR3HvrYGSZqqM,"32-06 35th St, Astoria, NY 11106, USA",(917) 832-6013,http://www.chickitoutastoria.com/,OPERATIONAL,google_places_legacy,OK,,incomplete_lookup
The Ship on The Shore,The Ship on The Shore,1780097899220642108,ChIJd9qq9wS4h0gRPCl3pJsttBg,"24-26 Shore, Leith, Edinburgh EH6 6QN, UK",0131 555 0409,https://www.theshipontheshore.co.uk/,OPERATIONAL,google_places_legacy,OK,seafood@theshipontheshore.co.uk,found
Reclectic,Reclectic,15153820578999142844,ChIJEWwTZXpZwokRvIk_OYcvTdI,"1333 Broadway, New York, NY 10018, USA",(332) 232-1052,https://www.itsreclectic.com/,OPERATIONAL,google_places_legacy,OK,itsreclectic@urbn.com,found
Tapyorka,Tapyorka,14322328952771869229,ChIJqaJkRQBfwokRLXpCskwiw8Y,"31-05 36th Ave, Astoria, NY 11106, USA",(347) 396-5835,http://tapyorka.com/,OPERATIONAL,google_places_legacy,OK,,contact_form_only
Pierozek,Pierozek,4667895449122351226,ChIJl-l0rSdZwokReqiZ7S2yx0A,"592 Manhattan Ave, Brooklyn, NY 11222, USA",(718) 576-3866,http://www.pierozekbrooklyn.com/,OPERATIONAL,google_places_legacy,OK,catering@pierozekbrooklyn.com,found
The Morgan Library & Museum,The Morgan Library & Museum,268671035903487885,ChIJ3453OAdZwokRja92OOKCugM,"225 Madison Ave, New York, NY 10016, USA",(212) 685-0008,https://www.themorgan.org/,OPERATIONAL,google_places_legacy,OK,,incomplete_lookup
Ichibantei,Ichibantei,11043146963933508970,ChIJ5dru_nVZwokRarWwk6cjQZk,"100 3rd Ave, New York, NY 10003, USA",(917) 965-2327,https://ichibanteiny.com/?utm_source=google&utm_medium=organic&utm_campaign=gbp,OPERATIONAL,google_places_legacy,OK,info@ichibanteiny.com,found
Tradisyon,Tradisyon,2604661481952752341,ChIJdyk-enFZwokR1bLvV9GdJSQ,"Vanderbilt Market - Bars & Eateries, 230 Park Ave, New York, NY 10169, USA",(646) 866-6900,http://www.tradisyonnyc.com/,OPERATIONAL,google_places_legacy,OK,info@tradisyonnyc.com,found
Tachi,Tachi,252556629292263184,ChIJESihDq5ZwokREKeijupCgQM,"339 W 44th St, New York, NY 10036, USA",(347) 913-2585,https://tachinyc.com/,OPERATIONAL,google_places_legacy,OK,hello@tachinyc.com,found
Shinn WEST,Shinn WEST,17395584215986150618,ChIJoxNAKatZwokR2hw_vq2HafE,"525 W 53rd St, New York, NY 10019, USA",(425) 393-1741,https://www.shinneast.com/,OPERATIONAL,google_places_legacy,OK,,not_found_on_checked_pages
Bark Barbecue,Bark Barbecue,3477553136987764804,ChIJ051SSnpbwokRRHizOSfAQjA,"55 Water St #5FL, Brooklyn, NY 11201, USA",,http://barkbarbecueny.com/,OPERATIONAL,google_places_legacy,OK,info@barkbarbecueny.com,found
Hainan,Hainan,8045009199409845538,ChIJ86jijMhhwokRItWSGT6dpW8,"41-25 162nd St, Flushing, NY 11358, USA",(917) 563-7223,https://hainannyc.com/,OPERATIONAL,google_places_legacy,OK,hainanflushing@gmail.com,found
Mahmoud's Corner Halal Food Cart,Mahmoud's Corner Halal Food Cart,9304258340392610132,ChIJL1PlJTtfwokRVCmRHapdH4E,"34th Ave at, Steinway St, Astoria, NY 11103, USA",(917) 295-2281,http://mahmouds34thavecorner.weebly.com/,OPERATIONAL,google_places_legacy,OK,,not_found_on_checked_pages
South of the Clouds 云之南 Greenwich Village,South of the Clouds 云之南 Greenwich Village,15642939993430021057,ChIJ95gIK5dZwokRwdMlTwvjFtk,"16 W 8th St, New York, NY 10011, USA",(212) 888-9653,,OPERATIONAL,google_places_legacy,OK,danny.liu@caliamgroup.com,found
Chubby Cattle BBQ | New York,Chubby Cattle BBQ | New York,4112580935654648192,ChIJ82C5uURZwokRgCm9U5LSEjk,"206 Spring St, New York, NY 10012, USA",(646) 594-9742,https://www.chubbycattle.com/project/chubby-cattle-new-york/,OPERATIONAL,google_places_legacy,OK,,incomplete_lookup
Bánh Mì Cô Út,Bánh Mì Cô Út,4805976662203488461,ChIJDRVqZc1ZwokRzdh0pU9CskI,"83 Elizabeth St, New York, NY 10013, USA",(646) 767-0444,https://www.instagram.com/banh_mi_co_ut_nyc/,OPERATIONAL,google_places_legacy,OK,,incomplete_lookup
Chubby TAN｜New York,Chubby TAN｜New York,6571764676649680028,ChIJLzF4vNlZwokRnPwpmyeZM1s,"239 E 5th St, New York, NY 10003, USA",(646) 832-4658,https://www.chubbytan.com/,OPERATIONAL,google_places_legacy,OK,,incomplete_lookup
Taverna Kyclades Astoria,Taverna Kyclades Astoria,13266411337647247043,ChIJ90pvtWdfwokRw86tuNLCG7g,"36-01 Ditmars Blvd, Astoria, NY 11105, USA",(718) 545-8666,http://www.tavernakyclades.com/,OPERATIONAL,google_places_legacy,OK,tavernakyclades@gmail.com,found
Sumatera Restaurant NYC,Sumatera Restaurant NYC,4048914632602417099,ChIJ21T-e6xfwokRy_clAmiiMDg,"86-20 Whitney Ave, Elmhurst, NY 11373, USA",(347) 448-6297,http://linktr.ee/sumatera.nyc,OPERATIONAL,google_places_legacy,OK,,incomplete_lookup
GanBlaze,GanBlaze,14726754554313280565,ChIJP8DBhlFhwokRNYw10D3xX8w,"37-09 College Point Boulevard Space #FH9&10, Flushing, NY 11354, USA",(929) 520-6667,,OPERATIONAL,google_places_legacy,OK,,no_website
Tènten,Tènten,297558511805796306,ChIJb8ADOwBZwokR0g8U1OMjIQQ,"119 Baxter St Unit B, New York, NY 10013, USA",,https://tentennyc.square.site/,OPERATIONAL,google_places_legacy,OK,,not_found_on_checked_pages
Xie Bao 蟹宝,Xie Bao Crab House,10762619801896862501,ChIJjTA_UwBZwokRJcOl4K-BXJU,"650 9th Ave, New York, NY 10036, USA",(724) 390-6466,,OPERATIONAL,google_places_legacy,OK,hello@xiebao.com,found
Market Hotel,Market Hotel,13524062056202209371,ChIJU0zeNwhcwokRW4hFXMker7s,"1140 Myrtle Ave, Brooklyn, NY 11221, USA",(914) 893-2843,http://markethotel.org/,OPERATIONAL,google_places_legacy,OK,booking@markethotel.org info@markethotel.org nightlife@markethotel.org,found
Sac's Place,Sac's Place,14750693544512838136,ChIJ9yi_ITdfwokR-NlVT6D9tMw,"35-11 35th Ave, Astoria, NY 11106, USA",(718) 204-5002,http://www.sacsplace.com/,OPERATIONAL,google_places_legacy,OK,sacsplace@gmail.com,found
Gaia Masala & Burger New York,Gaia Masala & Burger New York,18055109218337250508,ChIJk6U4fq1fwokRzFzfiyyikPo,"33-11 Broadway, Astoria, NY 11106, USA",(718) 889-0530,https://gaiamasalaandburger.com/,OPERATIONAL,google_places_legacy,OK,,contact_form_only
STOWAWAY,STOWAWAY,14820362306267637540,ChIJAVpqh6NZwokRJOer8_6ArM0,"159 Greenpoint Ave, Brooklyn, NY 11222, USA",(917) 612-3260,http://www.stowawaynyc.com/,OPERATIONAL,google_places_legacy,OK,,incomplete_lookup
Falu House,Falu House,9445833644756636452,ChIJbwTrdABZwokRJBMnW6dXFoM,"34 Norman Ave, Brooklyn, NY 11222, USA",,http://faluhouse.com/,OPERATIONAL,google_places_legacy,OK,,incomplete_lookup
A&A Bake Doubles and Roti,A&A Bake Doubles and Roti,18277862886828547059,ChIJhZ5AnJpbwokR8xu2jnQDqP0,"1337 Fulton St, Brooklyn, NY 11216, USA",(347) 425-0016,https://aabakedoublesandroti.shop/,OPERATIONAL,google_places_legacy,OK,,not_found_on_checked_pages
Mariscos El Submarino,Mariscos El Submarino,12919380231665711051,ChIJrYQPBABZwokRy3ej8t7bSrM,"222 Franklin St, Brooklyn, NY 11222, USA",(347) 384-2422,https://mariscoselsubmarinonyc.com/,OPERATIONAL,google_places_legacy,OK,,not_found_on_checked_pages
Mama's,Mama's,6121809740889174722,ChIJHQIpg9NYwokRwrI5TIYJ9VQ,"13-01 40th Ave, Long Island City, NY 11101, USA",(718) 784-7045,,OPERATIONAL,google_places_legacy,OK,,no_website
Bajeko Sekuwa,Bajeko Sekuwa,672921261113119931,ChIJcbpWrW5fwokRu5R0WlKyVgk,"43-16 Queens Blvd, Sunnyside, NY 11104, USA",(347) 808-8100,https://bajekosekuwaus.com/sunnyside?utm_source=google,OPERATIONAL,google_places_legacy,OK,bajekosekuwa2019@gmail.com myofficecolorado@gmail.com namastenepalbajeko@gmail.com,found
Fish Cheeks,Fish Cheeks,719976793782274368,ChIJgc7fPIVZwokRQMnqTxTf_Qk,"55 Bond St, New York, NY 10012, USA",(929) 713-0733,https://www.fishcheeksnyc.com/,OPERATIONAL,google_places_legacy,OK,info@fishcheeksnyc.com reservation@fishcheeksbk.com reservation@fishcheeksnyc.com,found
Golden HOF - Korean Bar & Grill,Golden Hof - Korean Bar & Grill,13164325442679503364,ChIJc6vecABZwokRBHqMFj4UsbY,"16 W 48th St, New York, NY 10036, USA",(212) 592-0752,https://www.goldenhof.com/,OPERATIONAL,google_places_legacy,OK,talkto@goldenhof.com,found
Nowon East Village,Nowon East Village,6856614698232216222,ChIJjReAQKxZwokRnnraeb2WJ18,"507 E 6th St, New York, NY 10009, USA",(646) 692-3867,https://www.nowonusa.com/,OPERATIONAL,google_places_legacy,OK,eastvillage@nowonusa.com,found
Davelle,Davelle,5861517072687391690,ChIJk1s5AIFZwokRymNr0rhKWFE,"102 Suffolk St, New York, NY 10002, USA",(646) 988-1973,http://davellenewyork.com/,OPERATIONAL,google_places_legacy,OK,,not_found_on_checked_pages
Pig and Khao,Pig and Khao - UWS,17981707761134598310,ChIJmWvEAIZYwokRpvhPBfDbi_k,"433 Amsterdam Ave, New York, NY 10024, USA",(646) 370-1430,https://www.pigandkhao.com/uws,OPERATIONAL,google_places_legacy,OK,events@pigandkhao.com,found
La Dong,La Dong,7982730646946057228,ChIJzRCbxRVZwokRDAzYpDpbyG4,"11 E 17th St, New York, NY 10003, USA",(917) 289-0019,http://www.ladongnyc.com/,OPERATIONAL,google_places_legacy,OK,reservation@ladongnyc.com,found
From Lucie,From Lucie,8254515918924486525,ChIJFylaePFZwokRfRdNdH7ujXI,"263 E 10th St, New York, NY 10009, USA",,http://www.fromlucie.com/,OPERATIONAL,google_places_legacy,OK,orders@fromlucie.com,found
12 Matcha,12 Matcha,11321295846802738869,ChIJYQM4uYJZwokRtU7IAZdSHZ0,"54 Bond St, New York, NY 10012, USA",,https://12matcha.com/,OPERATIONAL,google_places_legacy,OK,info@12matcha.com,found
Gangnam Box,Gangnam Box,16073848416725705060,ChIJ172bjGVZwokRZCFp3PjHEd8,"39 W 32nd St #2FL, New York, NY 10001, USA",(347) 276-8007,http://www.gangnambox.nyc/,CLOSED_PERMANENTLY,google_places_legacy,OK,,incomplete_lookup
Soba Noodle Azuma,Soba Noodle Azuma,7704156255121404883,ChIJjZXSAFhYwokR03OdsEup6mo,"251 W 55th St, New York, NY 10019, USA",(917) 262-0540,http://www.sobaazuma55.com/,OPERATIONAL,google_places_legacy,OK,,not_found_on_checked_pages
Namaste Tasi Delek Restaurant & Bar,Namaste Tasi Delek Restaurant & Bar,3067799729540830691,ChIJ6Sx0LQdfwokR4xVSoZkDkyo,"37-66 74th St., Jackson Heights, NY 11372, USA",(718) 507-1111,https://namastetasidelek.com/,OPERATIONAL,google_places_legacy,OK,prajwalmishra5@gmail.com,found
Katsu-Hama,Katsu-Hama,10882747563605327046,ChIJSVkuev5YwokRxnzx9D9JB5c,"11 E 47th St, New York, NY 10017, USA",(212) 758-5909,https://katsuhamanewyork.com/,OPERATIONAL,google_places_legacy,OK,,contact_form_only
HYDERABADI ZAIQA,HYDERABADI ZAIQA,16279935819518174549,ChIJjV-YTgBZwokRVeWJgF_z7eE,"184 Lexington Ave, New York, NY 10016, USA",(646) 454-0033,https://hyderabadizaiqalexington.com/,OPERATIONAL,google_places_legacy,OK,,incomplete_lookup
Maison de Manee,Maison de Manee,8870071141896523206,ChIJpwTxmbxfwokRxo0vObXSGHs,"4110-12 34th Ave, Long Island City, NY 11101, USA",(347) 448-6085,https://www.maisondemaneenyc.com/,OPERATIONAL,google_places_legacy,OK,,not_found_on_checked_pages
Chongqing Lao Zao,Chongqing Lao Zao 重慶老灶,10473503338668131831,ChIJu4mR1fFhwokR94Uup8tbWZE,"37-04 Prince St, Flushing, NY 11354, USA",(917) 563-7171,https://www.chongqinglaozao.com/,OPERATIONAL,google_places_legacy,OK,chongqinglaozao.media@gmail.com,found
Forsythia NYC,Forsythia NYC,8764224189906812607,ChIJ6Xa02cFZwokRv_5HQ3fHoHk,"9 Stanton St, New York, NY 10002, USA",,http://forsythianyc.com/,OPERATIONAL,google_places_legacy,OK,info@forsythianyc.com,found
Hani’s bakery + café,Hani’s bakery + café,2506849848621476378,ChIJByiSaABZwokRGipTzKceyiI,"67 Cooper Sq, New York, NY 10003, USA",(646) 918-6324,https://hanisnyc.com/,OPERATIONAL,google_places_legacy,OK,,contact_form_only
Librae Bakery,Librae Bakery,3885160069769058152,ChIJDyCs8UNZwokRaNcdvn_c6jU,"35 Cooper Sq, New York, NY 10003, USA",,http://libraebakery.com/,OPERATIONAL,google_places_legacy,OK,,incomplete_lookup
Sushi Hatsune,Sushi Hatsune,17140447335437510438,ChIJaUL6oqlbwokRJicLoAka3-0,"50 Eldridge St, New York, NY 10002, USA",(212) 301-0723,https://sushihatsunenyc.com/?utm_source=google,OPERATIONAL,google_places_legacy,OK,sushihatsune50@gmail.com,found
Salt Hank’s,Salt Hank’s,14238790357837720766,ChIJ330HVABZwokRvqws3mNYmsU,"280 Bleecker St, New York, NY 10014, USA",,https://salthanks.com/,OPERATIONAL,google_places_legacy,OK,contact@salthanks.com,found
Quimby's Bookstore NYC,Quimby's Bookstore NYC,13897153016553498579,ChIJh92VBllZwokR02frzAmb3MA,"536 Metropolitan Ave, Brooklyn, NY 11211, USA",,https://quimbysnyc.com/,OPERATIONAL,google_places_legacy,OK,,not_found_on_checked_pages
Ravagh Persian Grill,Ravagh Persian Grill,17104859355665855324,ChIJa7gEeahZwokRXPN6Y_WqYO0,"173 Madison Ave, New York, NY 10016, USA",(212) 696-0300,https://www.ravaghrestaurants.com/,OPERATIONAL,google_places_legacy,OK,info@ravaghrestaurants.com,found
Sweet Afton,Sweet Afton,15555197314892257422,ChIJWx0TrzhfwokRjlhD_Yop39c,"30-09 34th St, Astoria, NY 11103, USA",(718) 777-2570,http://www.sweetaftonbar.com/,OPERATIONAL,google_places_legacy,OK,chelsea@buabar.com events@sweetaftonbar.com info@sweetaftonbar.com livemusic@sweetaftonbar.com media@sweetaftonbar.com music@sweetaftonbar.com,found
Birria LES Astoria,Birria LES Astoria,16488571812064641875,ChIJM_DDAI9fwokRU8Oh77Ms0-Q,"31-27 Ditmars Blvd, Astoria, NY 11105, USA",(718) 255-1312,,OPERATIONAL,google_places_legacy,OK,,no_website
owambe,owambe,7787191972263827833,ChIJIUPX8lNtiEcReRmPKNepEWw,"Via Tolmino, 50/Int 16, 10141 Torino TO, Italy",011 944 8131,http://www.owambe.it/,OPERATIONAL,google_places_legacy,OK,info@owambe.it,found
Hungry Thirsty,Hungry Thirsty,3754461342231754588,ChIJMRzjDuVbwokRXPeo4rKGGjQ,"407 Smith St, Brooklyn, NY 11231, USA",(347) 227-8004,https://www.hungrythirstynyc.com/,OPERATIONAL,google_places_legacy,OK,info@hungrythirstynyc.com,found
Untable,Untable,5088790729147422923,ChIJ_zbudV1bwokRyxgi4zQEn0Y,"529 Henry St, Brooklyn, NY 11231, USA",(347) 529-4974,http://www.untablebrooklyn.com/,OPERATIONAL,google_places_legacy,OK,untablebrooklyn@gmail.com,found
Sailor,Sailor,1441485357710446664,ChIJ2xcAfQFbwokRSBBCp0svARQ,"228 Dekalb Ave, Brooklyn, NY 11205, USA",,https://www.sailor.nyc/,OPERATIONAL,google_places_legacy,OK,ahoy@sailor.nyc,found
Pasta de Pasta,Pasta de Pasta,5750695871652301691,ChIJS_F8t5lZwokRewskQW2Tzk8,"165 1st Ave, New York, NY 10003, USA",(917) 922-3106,https://pastadepasta.com/,OPERATIONAL,google_places_legacy,OK,hello@pastadepasta.com,found
Uka Omakase,Uka Omakase,10113910643449207934,ChIJldVrs9lZwokRfhzV-CTUW4w,"238 E 60th St, New York, NY 10022, USA",(347) 496-7355,http://ukaomakase.com/,OPERATIONAL,google_places_legacy,OK,,not_found_on_checked_pages
Teado Tea Shop 葉風茶舖,Teado Tea Shop,1788992175943815210,ChIJiRs__ydawokRKpAV0efG0xg,"145D Hester St, New York, NY 10002, USA",(212) 226-7687,https://tea-leaf-conversions.lovable.app/,OPERATIONAL,google_places_legacy,OK,,not_found_on_checked_pages
Koliba,Koliba,662927063587413662,ChIJh9_0AmhfwokRnt4e6aYwMwk,"31-11 23rd Ave, Astoria, NY 11105, USA",(718) 626-0430,https://www.kolibarestaurant.com/,OPERATIONAL,google_places_legacy,OK,,not_found_on_checked_pages
Cozy Royale,Cozy Royale,9145013409491261138,ChIJcUYuBjVZwokR0hbpWj6d6X4,"434 Humboldt St, Brooklyn, NY 11211, USA",(718) 734-2792,http://cozyroyale.com/,OPERATIONAL,google_places_legacy,OK,hello@cozyroyale.com,found
Bolivian Llama Party,Bolivian Llama Party (Queens),10657754808940545485,ChIJ4T48ovNfwokRzcUcEojz55M,"44-14 48th Ave, Woodside, NY 11377, USA",(347) 370-9102,http://www.blp.nyc/,OPERATIONAL,google_places_legacy,OK,,incomplete_lookup
Jakaru Bar & Restaurant,Jakaru Bar & Restaurant,18222991253447618297,ChIJR34FpRFfwokR-a7L1v4R5fw,"108-59 Roosevelt Ave, Corona, NY 11368, USA",,https://jakarumenu.my.canva.site/,OPERATIONAL,google_places_legacy,OK,,not_found_on_checked_pages
I Love Paraguay Restaurant,I Love Paraguay Restaurant,5033929229422457652,ChIJ2YiAK9pewokRNHMumPYb3EU,"43-16 Greenpoint Ave, Sunnyside, NY 11104, USA",(718) 786-5534,http://www.ilovepy.com/,OPERATIONAL,google_places_legacy,OK,info@ilovepy.com,found
Wah Fung No.1 Fast Food,Wah Fung No.1 Fast Food,18144509120592532874,ChIJCZ6p_4dZwokRitXAVOk-zvs,"79 Chrystie St, New York, NY 10002, USA",,https://wahfungno1fastfood.site/,OPERATIONAL,google_places_legacy,OK,,unverified_only
K.O. Burger,K.O. Burger,17212816132364380617,ChIJm4yElBpbwokRySmxMRM14O4,"1-3 Eldridge St Store B, New York, NY 10002, USA",,https://www.koburger.com/,OPERATIONAL,google_places_legacy,OK,,incomplete_lookup
SARISA Cafe,SARISA Cafe,14883162676881914027,ChIJOUvM4khZwokRq_jlqZmdi84,"243 E 53rd St 2nd floor, New York, NY 10022, USA",,https://www.sarisacafe.com/,OPERATIONAL,google_places_legacy,OK,,not_found_on_checked_pages
Zest Sushi,Zest Sushi,14690292734095550680,ChIJCyayOIdZwokR2GhEvmhn3ss,"249 Broome St, New York, NY 10002, USA",(212) 677-3158,https://zestsushinewyork.com/,OPERATIONAL,google_places_legacy,OK,,contact_form_only
Tacos 1986 West Village,Tacos 1986 West Village,11576817500350632864,ChIJG4KjIzNZwokRoNPsES4eqaA,"1 Cornelia St, New York, NY 10014, USA",(332) 322-1986,https://tacos1986.com/westvillage,OPERATIONAL,google_places_legacy,OK,,not_found_on_checked_pages
Charles Pan-Fried Chicken,Charles Pan-Fried Chicken,8784190666411291501,ChIJgZ9BHmX3wokRbTO_1t6253k,"439 W 125th St, New York, NY 10027, USA",(646) 618-0438,http://charlespanfriedchicken.com/,OPERATIONAL,google_places_legacy,OK,,contact_form_only
Teranga Midtown,Teranga,4414555888223628309,ChIJi-bJgEtZwokRFayt5jCnQz0,"601 Lexington Avenue, 153 E 53rd St, New York, NY 10022, USA",(332) 910-8138,https://itsteranga.com/,OPERATIONAL,google_places_legacy,OK,info@itsteranga.com jobs@itsteranga.com,found
Bodega Truck,Bodega Truck,17214108576841142440,,,(347) 734-3787,http://www.bodegatruck.com/,OPERATIONAL,google_maps_ui,NOT_FOUND,bodegacity@icloud.com,found
Corgi Jianbing LIC 可吉煎饼,Corgi Jianbing 可吉煎饼,13061660373333470705,,"44-05 Hunter St, Long Island City, NY 11101",(347) 685-5433,,OPERATIONAL,google_maps_ui,NOT_FOUND,,no_website
