Name,Place ID,Previous Status,Current Status,Checked At,Fetch Status,Note
1 golden pancake,ChIJX3bYWgBhwokRD581_oUOa5k,OPERATIONAL,CLOSED_PERMANENTLY,2026-10-03T20:04:34.821092+00:00,OK,
2 Bros Pizza,ChIJ1x6n_axZwokRwVtestFkcV0,OPERATIONAL,OPERATIONAL,2026-10-03T20:04:35.167952+00:00,OK,
303 In the Cut,ChIJl1ffnv1GrY0RQ0w6WLGQWG0,OPERATIONAL,OPERATIONAL,2026-10-03T20:04:35.586452+00:00,OK,
375° Chicken 'n Fries,ChIJ4VMjWotZwokRnkSXezyMBgc,OPERATIONAL,OPERATIONAL,2026-10-03T20:04:36.040981+00:00,OK,
969 NYC Coffee,ChIJpVgwCalfwokREU6kmsyAqG8,OPERATIONAL,OPERATIONAL,2026-10-03T20:04:36.520066+00:00,OK,
Abuqir,ChIJLfbhP2pfwokRvwGbpdfqH8Q,OPERATIONAL,OPERATIONAL,2026-10-03T20:04:36.927623+00:00,OK,
ad hoc : cafe,ChIJNUwuoJZZwokR-ngPjYTmepc,OPERATIONAL,CLOSED_PERMANENTLY,2026-10-03T20:04:37.329651+00:00,OK,
Adel's Famous Halal Food,ChIJNRe1Mf9YwokRvxBdos5UEY4,OPERATIONAL,OPERATIONAL,2026-10-03T20:04:37.644864+00:00,OK,
Akino,ChIJc6fmxaxfwokRnKatMHUC1PA,OPERATIONAL,OPERATIONAL,2026-10-03T20:04:37.992090+00:00,OK,
Alabaster Bookshop,ChIJpTRUPJlZwokRtFv10EUtj-k,OPERATIONAL,OPERATIONAL,2026-10-03T20:04:38.401868+00:00,OK,
All'Antico Vinaio,ChIJAaxcldRZwokRj1hYrfy09Fg,OPERATIONAL,OPERATIONAL,2026-10-03T20:04:38.821213+00:00,OK,
Ama’Gees Jamaican Cuisine,ChIJJxTLMcflrIkRkm2wS8WglaM,OPERATIONAL,OPERATIONAL,2026-10-03T20:04:39.155370+00:00,OK,
Amor y Amargo,ChIJObMZS51ZwokR0ffmCsI0qFQ,OPERATIONAL,OPERATIONAL,2026-10-03T20:04:39.628947+00:00,OK,
ANDO patisserie,ChIJIUflsoxZwokRjZOVMKRhjWc,OPERATIONAL,OPERATIONAL,2026-10-03T20:04:40.016499+00:00,OK,
Angel,ChIJ1wuWgyxfwokRsawxQvB8hMo,OPERATIONAL,OPERATIONAL,2026-10-03T20:04:40.444357+00:00,OK,
Appas Pizza,ChIJI-B3_8FZwokR8zdG-UWfmrk,OPERATIONAL,CLOSED_PERMANENTLY,2026-10-03T20:04:40.763655+00:00,OK,
Arepa Lady Astoria,ChIJcdMQQARfwokRxCUc7yEQZP8,OPERATIONAL,OPERATIONAL,2026-10-03T20:04:41.180041+00:00,OK,
ARIARI,ChIJhUDJFUVZwokRkNERZsyOxWo,OPERATIONAL,OPERATIONAL,2026-10-03T20:04:41.590681+00:00,OK,
Aroma Latin American Cocina,ChIJbxfwGlPRyIARf4iuW6CUVfc,OPERATIONAL,OPERATIONAL,2026-10-03T20:04:42.020159+00:00,OK,
ATOMIX,ChIJ3bmAHghZwokRRXYO57yLuss,OPERATIONAL,OPERATIONAL,2026-10-03T20:04:42.332860+00:00,OK,
B & B,ChIJ9WbzQ6VZwokRJ_qUroHyl6Y,OPERATIONAL,OPERATIONAL,2026-10-03T20:04:42.655841+00:00,OK,
Ba Xuyên,ChIJr42oxs5awokRzyJdj2zfdIc,OPERATIONAL,OPERATIONAL,2026-10-03T20:04:43.059632+00:00,OK,
Barkada Social Club,ChIJT1BhMQpfwokRi3rOsB0QErg,OPERATIONAL,OPERATIONAL,2026-10-03T20:04:43.399651+00:00,OK,
Beacon,ChIJcV1uwFQz3YkRW1hFAG6ib7I,,,2026-10-03T20:04:43.712765+00:00,UNKNOWN,No recognized business status returned
Bengal Tiger,ChIJXzb29flYwokR_lqUiFOLRBI,OPERATIONAL,OPERATIONAL,2026-10-03T20:04:44.109951+00:00,OK,
Berimbau Brazilian Kitchen - West Village,ChIJpZm095JZwokRGez02CCWhpE,OPERATIONAL,OPERATIONAL,2026-10-03T20:04:44.516975+00:00,OK,
Bernie’s,ChIJ5T7dN_ZZwokRKJxbtcuO9lw,OPERATIONAL,OPERATIONAL,2026-10-03T20:04:44.821505+00:00,OK,
Bigoi Venezia,ChIJgdnYQcBYwokRDEGzKagrEfE,OPERATIONAL,OPERATIONAL,2026-10-03T20:04:45.218360+00:00,OK,
Birria LES Saint Marks Place,ChIJOR4b2lxZwokRxuGITUSc9G8,OPERATIONAL,OPERATIONAL,2026-10-03T20:04:45.537873+00:00,OK,
Blue Corn Cafe,ChIJNYLzXAfkrIkRtSkOteSdkek,CLOSED_PERMANENTLY,CLOSED_PERMANENTLY,2026-10-03T20:04:45.937523+00:00,OK,
Bonjour Banh Mi & Tea,ChIJi5F3d5n6rIkR-ncYfJLmBNk,OPERATIONAL,OPERATIONAL,2026-10-03T20:04:46.375284+00:00,OK,
Boris & Horton,ChIJG6_BbHZZwokRS6lKU3rCUtk,OPERATIONAL,OPERATIONAL,2026-10-03T20:04:46.714538+00:00,OK,
Broad Nosh Bagels Deli & Catering 58th Street,ChIJbVtD_4BZwokRVJcC9hll1l8,OPERATIONAL,OPERATIONAL,2026-10-03T20:04:47.033929+00:00,OK,
Brodo - East Village,ChIJJfnw-51ZwokRBvuXgU0uhMo,OPERATIONAL,OPERATIONAL,2026-10-03T20:04:47.351593+00:00,OK,
Brooklyn Ball Factory,ChIJqybi5fxbwokR3x90J-l6QaM,OPERATIONAL,OPERATIONAL,2026-10-03T20:04:47.679071+00:00,OK,
Bullock's Bar-B-Cue,ChIJiRAsO0_hrIkRWyMHMgN5-vE,OPERATIONAL,OPERATIONAL,2026-10-03T20:04:48.071377+00:00,OK,
Bund Dumpling House,ChIJ11vP79RfwokROtPouzSpSIE,OPERATIONAL,OPERATIONAL,2026-10-03T20:04:48.390206+00:00,OK,
Bunlicious,ChIJCfAKUH9fwokR03bDGv0g6tM,OPERATIONAL,CLOSED_PERMANENTLY,2026-10-03T20:04:48.705051+00:00,OK,
Bushwick,ChIJU4RFqhFcwokRfMbASZnIKYs,,,2026-10-03T20:04:49.037048+00:00,UNKNOWN,No recognized business status returned
C as in Charlie,ChIJx-bMHr1ZwokRd3i_y7F3VlE,OPERATIONAL,OPERATIONAL,2026-10-03T20:04:49.358589+00:00,OK,
CAFE 2BY2,ChIJsQRP-h5ZwokRDlo_A3pfjCg,OPERATIONAL,OPERATIONAL,2026-10-03T20:04:49.671486+00:00,OK,
Cafe W & Bakery / Dessert,ChIJNcVSuBphwokRjS7aZH-RGdk,OPERATIONAL,OPERATIONAL,2026-10-03T20:04:50.058019+00:00,OK,
Calabash African Kitchen,ChIJ93aBhkfByIARIJtrekZ7l2Q,OPERATIONAL,OPERATIONAL,2026-10-03T20:04:50.445453+00:00,OK,
Calle Dao,ChIJnYkfZqpZwokRLxGbURXlMfQ,OPERATIONAL,OPERATIONAL,2026-10-03T20:04:50.793857+00:00,OK,
Caravan Chicken,ChIJWxsEMDpfwokRFmKpXBvEaWI,OPERATIONAL,OPERATIONAL,2026-10-03T20:04:51.138089+00:00,OK,
Casa Adela,ChIJ5xneO3FZwokRyyN-P0ch-Wo,OPERATIONAL,OPERATIONAL,2026-10-03T20:04:51.623530+00:00,OK,
Cask Bar & Kitchen,ChIJF1VpOwZZwokR5vv-tQNGG0o,OPERATIONAL,CLOSED_PERMANENTLY,2026-10-03T20:04:51.949301+00:00,OK,
cat cafe Mocha Lounge Shibuya Koen-dori Store,ChIJUWW7YKuNGGARuO9bPcMZWWE,OPERATIONAL,OPERATIONAL,2026-10-03T20:04:52.283107+00:00,OK,
Cauldron Chicken,ChIJiaRkEmtZwokRnUTrANZtOyE,OPERATIONAL,OPERATIONAL,2026-10-03T20:04:52.605203+00:00,OK,
Chalong Southern Thai,ChIJhwCMNh5ZwokROomRErlMEpk,OPERATIONAL,OPERATIONAL,2026-10-03T20:04:52.912992+00:00,OK,
Charles Pan-Fried Chicken,ChIJS-MJVjL3wokRP38a58MePpQ,CLOSED_PERMANENTLY,CLOSED_PERMANENTLY,2026-10-03T20:04:53.224899+00:00,OK,
Chavela's,ChIJJ5J8yJ9bwokRjpOkpYgii5k,OPERATIONAL,OPERATIONAL,2026-10-03T20:04:53.623712+00:00,OK,
Chef Papa Vietnamese Kitchen,ChIJgYndA8phwokRgjxSQGi_Ruk,OPERATIONAL,OPERATIONAL,2026-10-03T20:04:53.972193+00:00,OK,
CHELI MANHATTAN 浙里,ChIJn7k4jxlZwokRhDkNH9383-o,OPERATIONAL,OPERATIONAL,2026-10-03T20:04:54.279477+00:00,OK,
Chick Rocks Inc,ChIJo0N1P69hwokRrkN0pexhRgs,OPERATIONAL,OPERATIONAL,2026-10-03T20:04:54.605510+00:00,OK,
CHILI,ChIJJS3mqONZwokR9KlP3H_7MNg,OPERATIONAL,OPERATIONAL,2026-10-03T20:04:54.941741+00:00,OK,
China Palace Restaurant,ChIJH3Gy9jXmrIkRBgYfpKcTx44,CLOSED_PERMANENTLY,CLOSED_PERMANENTLY,2026-10-03T20:04:55.354441+00:00,OK,
Chubby Skewers｜Authentic Chinese BBQ,ChIJj3Cr2TJZwokRtK4-af0SWEo,OPERATIONAL,OPERATIONAL,2026-10-03T20:04:55.742184+00:00,OK,
CHUNKY BOSS,ChIJC-BCoxhZwokRsbNxpspwAAk,OPERATIONAL,OPERATIONAL,2026-10-03T20:04:56.130615+00:00,OK,
Churrascaria Plataforma,ChIJP9idxlZYwokRLH-I1mNfzYQ,OPERATIONAL,OPERATIONAL,2026-10-03T20:04:56.499123+00:00,OK,
Cơm Tấm Ninh Kiều,ChIJyVMezoXzwokR2PdSFyth8jU,OPERATIONAL,OPERATIONAL,2026-10-03T20:04:56.829076+00:00,OK,
Cocoron,ChIJqYLInohZwokRyVt0R66Ws5Q,OPERATIONAL,OPERATIONAL,2026-10-03T20:04:57.148372+00:00,OK,
Coffee Project New York | Chelsea,ChIJjdjCLlJZwokR-qJu3EjlDEg,OPERATIONAL,OPERATIONAL,2026-10-03T20:04:57.508263+00:00,OK,
Coffee Project New York | Hell's Kitchen,ChIJfe_2P1NZwokR6CnObz22-7M,OPERATIONAL,OPERATIONAL,2026-10-03T20:04:57.844230+00:00,OK,
Copacabana,ChIJxaf4Ey5fwokR_cgU3o8Eo0c,OPERATIONAL,OPERATIONAL,2026-10-03T20:04:58.147950+00:00,OK,
Corima,ChIJgaiXlpNbwokRN0vlYTshs-c,OPERATIONAL,OPERATIONAL,2026-10-03T20:04:58.542896+00:00,OK,
Corner 28,ChIJuRovhwxgwokRkZOs5i8xGtM,OPERATIONAL,OPERATIONAL,2026-10-03T20:04:58.848973+00:00,OK,
Cosme,ChIJT-gYZKFZwokR7O8LLYuYMjU,OPERATIONAL,OPERATIONAL,2026-10-03T20:04:59.187441+00:00,OK,
Cucciolo Osteria Durham,ChIJB1ezo-LlrIkRpA1ptS3kt4k,OPERATIONAL,OPERATIONAL,2026-10-03T20:04:59.560477+00:00,OK,
cutes house,ChIJda5oAz_1wokRmI78xUwg67o,OPERATIONAL,OPERATIONAL,2026-10-03T20:04:59.864113+00:00,OK,
Daesung korean Noodle,ChIJ9eM_7DBgwokRj-RfOwEixog,OPERATIONAL,OPERATIONAL,2026-10-03T20:05:00.193855+00:00,OK,
Dallas BBQ Times Square,ChIJn5a71FRYwokRGB7grb84QaI,OPERATIONAL,OPERATIONAL,2026-10-03T20:05:00.519244+00:00,OK,
Dialogue Coffee & Flowers,ChIJj1_yRahZwokRr6Ktp4IQ4Ew,OPERATIONAL,OPERATIONAL,2026-10-03T20:05:00.850402+00:00,OK,
Dim Sum Palace,ChIJm6U7h4VbwokRGhi7qBdh2Yg,OPERATIONAL,OPERATIONAL,2026-10-03T20:05:01.163676+00:00,OK,
Dim Sum Palace,ChIJg5jn8FNYwokRwH-IWxB2gb8,OPERATIONAL,OPERATIONAL,2026-10-03T20:05:01.456800+00:00,OK,
District Saigon,ChIJVeu9vztfwokRjvnSb6ovSn8,OPERATIONAL,OPERATIONAL,2026-10-03T20:05:01.790136+00:00,OK,
Döner Haus,ChIJRRfRarNZwokRIEr7WGDqMq0,OPERATIONAL,OPERATIONAL,2026-10-03T20:05:02.118095+00:00,OK,
Dominique Ansel Workshop,ChIJo7FBbQdZwokR923ixkRp0xQ,OPERATIONAL,OPERATIONAL,2026-10-03T20:05:02.435650+00:00,OK,
Donovan's Pub,ChIJa5DECx5fwokRnuzeOoYBvbQ,OPERATIONAL,OPERATIONAL,2026-10-03T20:05:02.768406+00:00,OK,
Double Chicken Please,ChIJI25hF09ZwokRnmmiXXONRf4,OPERATIONAL,OPERATIONAL,2026-10-03T20:05:03.082163+00:00,OK,
dùndú,ChIJ6fVE7-dZwokRs36v832cIoc,OPERATIONAL,OPERATIONAL,2026-10-03T20:05:03.427877+00:00,OK,
Duo Cafe,ChIJ7WHiw8NZwokRcBER8ZksOJk,OPERATIONAL,OPERATIONAL,2026-10-03T20:05:03.745759+00:00,OK,
Durham Food Hall,ChIJM5mle8PlrIkRiVJVIhrzwHM,OPERATIONAL,OPERATIONAL,2026-10-03T20:05:04.077939+00:00,OK,
Economy Candy,ChIJNdebOIFZwokR0JEfqeQONrQ,OPERATIONAL,OPERATIONAL,2026-10-03T20:05:04.396083+00:00,OK,
Eight Jane,ChIJMY6fzw9gwokRX7-iYzxPwEI,OPERATIONAL,OPERATIONAL,2026-10-03T20:05:04.729121+00:00,OK,
Ekhaya,ChIJQdCMCEnlrIkReatrqOC1jek,OPERATIONAL,OPERATIONAL,2026-10-03T20:05:05.050622+00:00,OK,
El Castillo De Jagua,ChIJB1mzOIFZwokRkElevjezXJw,OPERATIONAL,OPERATIONAL,2026-10-03T20:05:05.356989+00:00,OK,
Elsewhere,ChIJrVAECUhfwokRsoEFM0dN67Q,OPERATIONAL,OPERATIONAL,2026-10-03T20:05:05.691956+00:00,OK,
Emily,ChIJYeJEs6RbwokRI9OjBP6hYG8,OPERATIONAL,OPERATIONAL,2026-10-03T20:05:05.994858+00:00,OK,
Empanadas Cafe,ChIJJyc8c9JfwokRv5fvVApxk0M,OPERATIONAL,OPERATIONAL,2026-10-03T20:05:06.286550+00:00,OK,
Essex Pearl,ChIJYdd30IBZwokRls-AuPkdmsM,OPERATIONAL,OPERATIONAL,2026-10-03T20:05:06.580976+00:00,OK,
Everlane,ChIJrU_vV49ZwokRwuh0E7Gf1uo,OPERATIONAL,OPERATIONAL,2026-10-03T20:05:06.887852+00:00,OK,
Eyval,ChIJR9OEk_BdwokR9Qxlpi3I1ro,OPERATIONAL,OPERATIONAL,2026-10-03T20:05:07.220051+00:00,OK,
Falafel Tanami,ChIJVYUouLhEwokR0P6kpq9x2pk,OPERATIONAL,OPERATIONAL,2026-10-03T20:05:07.520958+00:00,OK,
Fat Cat Flatbread,ChIJ18yL0p9hwokRiyGHnhPBmAM,OPERATIONAL,OPERATIONAL,2026-10-03T20:05:07.855008+00:00,OK,
Fay Da Bakery,ChIJcZSxyJNZwokRE_3Snje_so4,OPERATIONAL,OPERATIONAL,2026-10-03T20:05:08.159087+00:00,OK,
Fette Sau,ChIJ5-1kAF9ZwokRxy_sb_0_IJ8,OPERATIONAL,CLOSED_PERMANENTLY,2026-10-03T20:05:08.483661+00:00,OK,
Flushing Ice Cream Factory,ChIJCTk1m41hwokRJ6qIo3-fFRc,CLOSED_PERMANENTLY,CLOSED_PERMANENTLY,2026-10-03T20:05:08.805737+00:00,OK,
For All Things Good Bed-Stuy,ChIJpRiQFlFbwokRZjSvEE0BXc0,OPERATIONAL,OPERATIONAL,2026-10-03T20:05:09.203543+00:00,OK,
Foxface Natural,ChIJ-9FmcbhZwokR_2n_KX31fUI,OPERATIONAL,CLOSED_TEMPORARILY,2026-10-03T20:05:09.587826+00:00,OK,
French Louie,ChIJgRjO3E1awokRoC9SdsHbe-w,OPERATIONAL,OPERATIONAL,2026-10-03T20:05:09.882615+00:00,OK,
Friendship BBQ,ChIJtwnTmxpgwokRdQokoSPg5Lk,OPERATIONAL,OPERATIONAL,2026-10-03T20:05:10.177192+00:00,OK,
Fu Yuan,ChIJfQvyIw5gwokRYrRfuRZrDCQ,OPERATIONAL,OPERATIONAL,2026-10-03T20:05:10.487495+00:00,OK,
Fu Zhou Wei Zhong Wei Jia Xiang Feng Wei,ChIJq3ALmyhawokR_HZZ8u-kUK0,OPERATIONAL,OPERATIONAL,2026-10-03T20:05:10.803443+00:00,OK,
Gai Kitchen,ChIJT_0oqlpbwokR6wjYsXzMWL8,OPERATIONAL,OPERATIONAL,2026-10-03T20:05:11.113970+00:00,OK,
Gazala’s Mediterranean Restaurant,ChIJzTGU4GxZwokRi7JGJTqGBtw,OPERATIONAL,OPERATIONAL,2026-10-03T20:05:11.427404+00:00,OK,
Genesis,ChIJWfhuH95gwokRY__oqutnc_w,OPERATIONAL,OPERATIONAL,2026-10-03T20:05:11.762335+00:00,OK,
Go Nonna,ChIJWXJ-2MhZwokRsTD37pczIVg,OPERATIONAL,OPERATIONAL,2026-10-03T20:05:12.152820+00:00,OK,
Golden Diner,ChIJ1-mW-LhbwokR7Ryv5ha-gzc,OPERATIONAL,OPERATIONAL,2026-10-03T20:05:12.470371+00:00,OK,
Golden Steamer,ChIJpWd1R4hZwokRqZIYQCRHjkE,OPERATIONAL,OPERATIONAL,2026-10-03T20:05:12.769183+00:00,OK,
Grand Street Skewer Cart,ChIJ2Yua64dZwokRcRfpZvPnxg8,OPERATIONAL,OPERATIONAL,2026-10-03T20:05:13.110127+00:00,OK,
Gulp,ChIJzdIV2eNZwokRxSJvbX8IIZ0,OPERATIONAL,OPERATIONAL,2026-10-03T20:05:13.419428+00:00,OK,
Hady's Restaurant International Cuisine,ChIJYZC8dOpfrIkRdT9stANRzWA,OPERATIONAL,OPERATIONAL,2026-10-03T20:05:13.733998+00:00,OK,
HAGS,ChIJp0ha1dFZwokRK9WxgN9HVuY,OPERATIONAL,OPERATIONAL,2026-10-03T20:05:14.071300+00:00,OK,
Haile,ChIJ6V1F-3ZZwokRzgGGwicZh88,OPERATIONAL,OPERATIONAL,2026-10-03T20:05:14.422485+00:00,OK,
Hanamizuki Cafe,ChIJhfKwda9ZwokRoibXlAvU0Ig,OPERATIONAL,OPERATIONAL,2026-10-03T20:05:14.735137+00:00,OK,
Handsome Rice,ChIJPYZsDhFZwokRMMRoYT7c2Uk,OPERATIONAL,OPERATIONAL,2026-10-03T20:05:15.065251+00:00,OK,
Happy Zoe Vegan Bakery,ChIJTSX5qcdZwokRfVmgTWBDxZI,OPERATIONAL,OPERATIONAL,2026-10-03T20:05:15.377466+00:00,OK,
Hashi Market,ChIJI_a-KgBZwokRIW5rtu3J4_M,OPERATIONAL,OPERATIONAL,2026-10-03T20:05:15.692358+00:00,OK,
Hi Sunny Restaurant Salad&Dimsum 花园轻食,ChIJDXAddMlZwokRzNN6hu7bENc,OPERATIONAL,OPERATIONAL,2026-10-03T20:05:16.003488+00:00,OK,
Hinatomaru Asakusa main store,ChIJh2nYzsCOGGAR-uyXwK0Kamk,OPERATIONAL,OPERATIONAL,2026-10-03T20:05:16.299594+00:00,OK,
HOJOKBAN NYC,ChIJ92UIyldZwokRj4AVxzDTXgU,OPERATIONAL,OPERATIONAL,2026-10-03T20:05:16.707700+00:00,OK,
Homemade Dumpling,ChIJefeh7ylawokRwwdaDQ5wPOc,OPERATIONAL,OPERATIONAL,2026-10-03T20:05:16.994248+00:00,OK,
Hometown Bar-B-Que,ChIJ0VWwJI9awokRoiFWFqYZMQ8,OPERATIONAL,OPERATIONAL,2026-10-03T20:05:17.313729+00:00,OK,
Hou Yi Hot Pot,ChIJt4HiLyhawokRhJ8I8nMsxZg,OPERATIONAL,CLOSED_PERMANENTLY,2026-10-03T20:05:17.681697+00:00,OK,
Housing Works Thrift Shops - Chelsea,ChIJC_KG-7xZwokR26JhV6PKUps,OPERATIONAL,OPERATIONAL,2026-10-03T20:05:18.003608+00:00,OK,
Housing Works Thrift Shops - West Village,ChIJo_reqJRZwokRAHCtJNsmaXM,OPERATIONAL,OPERATIONAL,2026-10-03T20:05:18.317211+00:00,OK,
Hug Esan,ChIJNQQa86pfwokRObYWOXqAYIg,OPERATIONAL,OPERATIONAL,2026-10-03T20:05:18.634623+00:00,OK,
IBN Hamido Seafood,ChIJV6G4us9fwokRy4GOF89i6nE,OPERATIONAL,OPERATIONAL,2026-10-03T20:05:18.961478+00:00,OK,
Iki,ChIJrXWjZg5gwokRW_QM1gYAXyc,OPERATIONAL,OPERATIONAL,2026-10-03T20:05:19.287568+00:00,OK,
Il Nonno Ristorante,ChIJPQSqAQBfwokRkCRWBn84M4Q,OPERATIONAL,OPERATIONAL,2026-10-03T20:05:19.616716+00:00,OK,
ILIS,ChIJHZyajD1ZwokREWLihHYSryQ,OPERATIONAL,CLOSED_PERMANENTLY,2026-10-03T20:05:19.938112+00:00,OK,
Industry City,ChIJBzJseMBawokRVfGOLobHpJc,OPERATIONAL,OPERATIONAL,2026-10-03T20:05:20.273629+00:00,OK,
Izakaya Juraku,ChIJKWcwq0FZwokRaLzSIo7SMXI,OPERATIONAL,OPERATIONAL,2026-10-03T20:05:20.581812+00:00,OK,
Izakaya MEW,ChIJh_4leqlZwokRJxjh98xRrd4,OPERATIONAL,OPERATIONAL,2026-10-03T20:05:20.900747+00:00,OK,
JG Melon,ChIJORutA8BYwokR6obC5YpaamM,OPERATIONAL,OPERATIONAL,2026-10-03T20:05:21.240653+00:00,OK,
Jing Feng Fish Ball Inc.,ChIJz3rpERJgwokRsX811uqBsrc,OPERATIONAL,OPERATIONAL,2026-10-03T20:05:21.583205+00:00,OK,
Jora,ChIJMRDMWiRZwokRclRF5GXOLKM,OPERATIONAL,OPERATIONAL,2026-10-03T20:05:21.911493+00:00,OK,
Jua,ChIJfTgbIE9ZwokRdRjFE2OMZN8,OPERATIONAL,OPERATIONAL,2026-10-03T20:05:22.204426+00:00,OK,
Çka Ka Qëllue,ChIJJa93rKRZwokRPoOmc_ta6DU,OPERATIONAL,OPERATIONAL,2026-10-03T20:05:22.478787+00:00,OK,
Kaikagetsu NYC,ChIJSb_BknFZwokRyUcMziCnxTE,CLOSED_PERMANENTLY,CLOSED_PERMANENTLY,2026-10-03T20:05:22.822174+00:00,OK,
Kaki,ChIJlYnmS69ZwokR8tL10tG3b6Q,OPERATIONAL,OPERATIONAL,2026-10-03T20:05:23.151829+00:00,OK,
Kalye Broome,ChIJj4yA4zJZwokRtQObXxWzxhc,OPERATIONAL,CLOSED_PERMANENTLY,2026-10-03T20:05:23.445961+00:00,OK,
Kalye Rivington,ChIJzxi2CEFZwokRGLb3H5aeHDU,OPERATIONAL,OPERATIONAL,2026-10-03T20:05:23.772437+00:00,OK,
Karczma,ChIJ9d0I6kBZwokRHVwTlrpWxss,OPERATIONAL,OPERATIONAL,2026-10-03T20:05:24.157188+00:00,OK,
Kashin Japanese Restaurant,ChIJB0rwLpr0rIkRoXPNr5zMd5I,OPERATIONAL,OPERATIONAL,2026-10-03T20:05:24.451288+00:00,OK,
Kemo's Hot Kitchen Bites,ChIJM_8k-PpbwokRHosHIiSEajY,OPERATIONAL,OPERATIONAL,2026-10-03T20:05:24.837400+00:00,OK,
KIMCHI RED - ALPHARETTA,ChIJpy06gX2f9YgRQEbNsauGzC0,OPERATIONAL,OPERATIONAL,2026-10-03T20:05:25.195834+00:00,OK,
Kimura,ChIJR6LukiNZwokR-MTHVUbu4q8,OPERATIONAL,OPERATIONAL,2026-10-03T20:05:25.580787+00:00,OK,
King Dumplings,ChIJwUWtpVNbwokRFXYqGsP5tyQ,OPERATIONAL,OPERATIONAL,2026-10-03T20:05:25.930358+00:00,OK,
King's Sandwich Shop,ChIJ03gwMXTkrIkRs6xXvLt8Yj4,OPERATIONAL,OPERATIONAL,2026-10-03T20:05:26.239730+00:00,OK,
Kinokuniya New York,ChIJn0BhwP5YwokRTZw5De7Ti20,OPERATIONAL,OPERATIONAL,2026-10-03T20:05:26.568349+00:00,OK,
KoFoo,ChIJpVwii6RZwokRPhCANQzwQnA,OPERATIONAL,OPERATIONAL,2026-10-03T20:05:26.918386+00:00,OK,
KOHOKU-KU RAMEN,ChIJa4wrRr1ZwokR3_aPEcYpvNA,OPERATIONAL,OPERATIONAL,2026-10-03T20:05:27.240105+00:00,OK,
Koi Omakase,ChIJSWqCsoJbwokR4sr-BlYWi08,OPERATIONAL,OPERATIONAL,2026-10-03T20:05:27.575984+00:00,OK,
konban NYC,ChIJvWTRis1ZwokRTT9Et9dTcLE,OPERATIONAL,OPERATIONAL,2026-10-03T20:05:27.916610+00:00,OK,
Kong Sihk Tong,ChIJ1V_Xi5hbwokRV7A_UcnBKZU,OPERATIONAL,OPERATIONAL,2026-10-03T20:05:28.197083+00:00,OK,
Kopitiam,ChIJCSo-rSlawokRXSVW0IKZ3vQ,OPERATIONAL,OPERATIONAL,2026-10-03T20:05:28.516022+00:00,OK,
Kuku Korean Cuisine LIC,ChIJx9WY5JtZwokR68C8WLI5KsY,OPERATIONAL,OPERATIONAL,2026-10-03T20:05:28.838336+00:00,OK,
Kung Fu Little Steamed Buns Ramen,ChIJC8BYk-RYwokR6opRG65OAUM,OPERATIONAL,OPERATIONAL,2026-10-03T20:05:29.158225+00:00,OK,
Kyma,ChIJq6pu4qJZwokRARFMcQsmd6Y,OPERATIONAL,OPERATIONAL,2026-10-03T20:05:29.507601+00:00,OK,
La Mala Mexican Inspired Cocktails,ChIJm5kmBKvlrIkRaQ7FjwiWnd0,OPERATIONAL,CLOSED_PERMANENTLY,2026-10-03T20:05:29.839209+00:00,OK,
La Nueva Victoria,ChIJt5zmDyj2wokRzdvzO4aq9Es,OPERATIONAL,OPERATIONAL,2026-10-03T20:05:30.175972+00:00,OK,
Laghman Express,ChIJS4XlsltFwokRi2JwjMocEAI,OPERATIONAL,OPERATIONAL,2026-10-03T20:05:30.568522+00:00,OK,
Lao Bei Fang Dumpling House,ChIJ_yd-Jq1fwokRfBaaRGQbTz8,OPERATIONAL,OPERATIONAL,2026-10-03T20:05:30.884300+00:00,OK,
LaRina Pastificio & Vino,ChIJweAtELhbwokRO1AexCvuRo0,OPERATIONAL,OPERATIONAL,2026-10-03T20:05:31.222862+00:00,OK,
Little Branch,ChIJjY7y6ZJZwokRXF5CA_X4l-I,OPERATIONAL,OPERATIONAL,2026-10-03T20:05:31.545476+00:00,OK,
Le Sia,ChIJq2WjhLVZwokRBNFohweL-NA,OPERATIONAL,OPERATIONAL,2026-10-03T20:05:31.870646+00:00,OK,
Lena's Italian Kitchen (UES),ChIJBTSGOAdZwokRQriZNbOP4u4,OPERATIONAL,OPERATIONAL,2026-10-03T20:05:32.188178+00:00,OK,
Lhasa,ChIJ44SZj09ZwokRqIeN6EEd_VQ,OPERATIONAL,OPERATIONAL,2026-10-03T20:05:32.502359+00:00,OK,
Little Bull,ChIJt1-VgdLlrIkRTwobcHHBJNQ,OPERATIONAL,OPERATIONAL,2026-10-03T20:05:32.821808+00:00,OK,
Liuyishou Hot Pot,ChIJ62AfMHthwokRSGIcc5pKSDQ,OPERATIONAL,CLOSED_TEMPORARILY,2026-10-03T20:05:33.137065+00:00,OK,
Loopy's Eatery,ChIJHy30AiW0t4kRn50ZBb8bGQA,OPERATIONAL,OPERATIONAL,2026-10-03T20:05:33.546378+00:00,OK,
Lucia Pizza,ChIJ05JUTBBgwokR5r9N-VKn6Rg,OPERATIONAL,OPERATIONAL,2026-10-03T20:05:33.878264+00:00,OK,
Lulu and Dino Cafe Bakery,ChIJD0Nq6y5hwokRvcc2c-GhBjM,OPERATIONAL,OPERATIONAL,2026-10-03T20:05:34.255695+00:00,OK,
LumLum,ChIJeQxW7xZZwokRh32rrkOgatw,OPERATIONAL,OPERATIONAL,2026-10-03T20:05:34.608931+00:00,OK,
Luna Rotisserie and Empanadas,ChIJP59o423krIkRSMWfvuK7-GY,OPERATIONAL,OPERATIONAL,2026-10-03T20:05:34.934508+00:00,OK,
Madame Vo,ChIJqRaETJxZwokRik6wrAXTOd4,OPERATIONAL,OPERATIONAL,2026-10-03T20:05:35.266662+00:00,OK,
Maiko Matcha Cafe,ChIJA6bMzWxhwokRTqfgaCZfK_4,OPERATIONAL,OPERATIONAL,2026-10-03T20:05:35.597831+00:00,OK,
Mala Hot Pot,ChIJU_jf_XxZwokRGPLWEYVWR7w,OPERATIONAL,OPERATIONAL,2026-10-03T20:05:35.935657+00:00,OK,
Malai,ChIJrcsOH9pbwokRJV7eZEpW0tU,OPERATIONAL,OPERATIONAL,2026-10-03T20:05:36.407612+00:00,OK,
Mama Lee - Williamsburg,ChIJHxdF7gZZwokRJmO1s8MZOzc,CLOSED_TEMPORARILY,CLOSED_TEMPORARILY,2026-10-03T20:05:36.749988+00:00,OK,
Mango Mango Dessert,ChIJvVoqMxBgwokRAUqvd8VcSk4,OPERATIONAL,OPERATIONAL,2026-10-03T20:05:37.071995+00:00,OK,
Market 57,ChIJ48Dfk_tZwokR-g8blgctP58,OPERATIONAL,OPERATIONAL,2026-10-03T20:05:37.386345+00:00,OK,
Martha's Country Bakery,ChIJowFop2hfwokROgVQ1b2LL2I,OPERATIONAL,OPERATIONAL,2026-10-03T20:05:37.684734+00:00,OK,
Maxi's Noodle,ChIJl6PN951hwokRsN4kn0ZU0po,OPERATIONAL,OPERATIONAL,2026-10-03T20:05:37.999097+00:00,OK,
Mazzola Bakery,ChIJqRAR4ltawokRTWY_DA1RfAU,OPERATIONAL,OPERATIONAL,2026-10-03T20:05:38.324426+00:00,OK,
Meijin Ramen,ChIJx1q8UrlYwokRjOmzO2_-otA,OPERATIONAL,OPERATIONAL,2026-10-03T20:05:38.664784+00:00,OK,
Mexicocina Mezcaleria,ChIJySFE9rn1wokRPae7M19QEVY,OPERATIONAL,OPERATIONAL,2026-10-03T20:05:39.013605+00:00,OK,
Mile End Delicatessen,ChIJLb9vlE1awokRL4Ume5zpejQ,OPERATIONAL,OPERATIONAL,2026-10-03T20:05:39.359583+00:00,OK,
Mitr Thai Restaurant,ChIJ3aKC18JZwokRV_edM73h9UI,OPERATIONAL,OPERATIONAL,2026-10-03T20:05:39.652215+00:00,OK,
Mắm,ChIJnbRm-4pZwokR7Mj1KC0tlxA,OPERATIONAL,OPERATIONAL,2026-10-03T20:05:39.957918+00:00,OK,
MOGMOG,ChIJP196UmFZwokR9HJCzWGczA4,OPERATIONAL,OPERATIONAL,2026-10-03T20:05:40.320903+00:00,OK,
MoMA PS1,ChIJwfbFiiNZwokRN8hnF940DbY,OPERATIONAL,OPERATIONAL,2026-10-03T20:05:40.644828+00:00,OK,
Momo Crave,ChIJPfcKgMVfwokR1iMtONhsfKM,OPERATIONAL,OPERATIONAL,2026-10-03T20:05:41.024130+00:00,OK,
Momosan Ramen & Sake,ChIJucFsVwFZwokRDgJNUSyXpQE,OPERATIONAL,OPERATIONAL,2026-10-03T20:05:41.342071+00:00,OK,
Monster DIY Studio,ChIJRfqT2W1hwokRbsp0oH-AwUw,OPERATIONAL,OPERATIONAL,2026-10-03T20:05:41.705732+00:00,OK,
Morgenstern's BANANAS,ChIJHabkc4ZZwokRNnu1Kas8zsk,OPERATIONAL,CLOSED_PERMANENTLY,2026-10-03T20:05:42.028667+00:00,OK,
Mr P's Homemade Ice Cream,ChIJz82DrkhbwokR-4Uqpwog0Wo,OPERATIONAL,OPERATIONAL,2026-10-03T20:05:42.337110+00:00,OK,
Mrs. Fish,ChIJLUVoTmBbwokRC1-4BFSNJ5s,OPERATIONAL,OPERATIONAL,2026-10-03T20:05:42.662278+00:00,OK,
Mtskheta Cafe,ChIJT8WKg6pFwokRu5rncwZjk0c,OPERATIONAL,OPERATIONAL,2026-10-03T20:05:42.978220+00:00,OK,
Mystique Boutique NYC,ChIJNeNti29ZwokRylhYras-S_A,OPERATIONAL,OPERATIONAL,2026-10-03T20:05:43.294218+00:00,OK,
Naks,ChIJQfYrEfNZwokRFPKHZM6aH4w,OPERATIONAL,OPERATIONAL,2026-10-03T20:05:43.618731+00:00,OK,
Namaste,ChIJbaNJYKpbwokRt-22jFjSBE4,OPERATIONAL,OPERATIONAL,2026-10-03T20:05:43.935005+00:00,OK,
Nami Nori West Village,ChIJcfbyqFNZwokRUoBP92II4c0,OPERATIONAL,OPERATIONAL,2026-10-03T20:05:44.230256+00:00,OK,
"Nan Xiang Express - Williamsburg, NY",ChIJs-DAOahZwokR22b9nTj-IWE,OPERATIONAL,OPERATIONAL,2026-10-03T20:05:44.573373+00:00,OK,
Nan Xiang Soup Dumplings - Flushing,ChIJVz4MXA5gwokRhGRy5-dJryQ,OPERATIONAL,OPERATIONAL,2026-10-03T20:05:44.914883+00:00,OK,
Nan Xiang Xiao Long Bao,ChIJ5bXhW_pZwokRS1dCnTWL3WA,OPERATIONAL,OPERATIONAL,2026-10-03T20:05:45.241272+00:00,OK,
Negril BK,ChIJD4gbEwBbwokRMwnySIeREvQ,CLOSED_PERMANENTLY,CLOSED_PERMANENTLY,2026-10-03T20:05:45.558579+00:00,OK,
Nenes Taqueria,ChIJS8rSNvtbwokRtZqLNnAcOhI,OPERATIONAL,OPERATIONAL,2026-10-03T20:05:45.882781+00:00,OK,
Nepali Bhanchha Ghar,ChIJd06GLQdfwokRQunm5arxBcM,OPERATIONAL,OPERATIONAL,2026-10-03T20:05:46.223104+00:00,OK,
New world Uyghur Cuisine,ChIJwbPe3yBhwokRofu9EEUkbqM,OPERATIONAL,OPERATIONAL,2026-10-03T20:05:46.548658+00:00,OK,
New York City Bagel & Coffee House,ChIJ97BgiDtfwokRsbkP6Vl1seY,OPERATIONAL,OPERATIONAL,2026-10-03T20:05:46.859870+00:00,OK,
Nikos,ChIJ_x9-aXHlrIkRftJI4-J7huQ,OPERATIONAL,OPERATIONAL,2026-10-03T20:05:47.191246+00:00,OK,
Nōksu,ChIJSfeOCf5ZwokRWuoMT5Kc6KY,OPERATIONAL,OPERATIONAL,2026-10-03T20:05:47.489107+00:00,OK,
Nneji,ChIJpa6hjNpfwokRoJ3lUZdnkUQ,OPERATIONAL,CLOSED_PERMANENTLY,2026-10-03T20:05:47.922201+00:00,OK,
超力福州美食 No.1 Super Snack Inc. - Fuzhou Snacks,ChIJDQ2UyahhwokRKY6G2WCjlTQ,OPERATIONAL,OPERATIONAL,2026-10-03T20:05:48.255938+00:00,OK,
Nyonya,ChIJ0VKRSIhZwokRdCKH7vdxs2o,OPERATIONAL,OPERATIONAL,2026-10-03T20:05:48.572277+00:00,OK,
Oh! Calcutta,ChIJafVB3NhZwokR1Hp1ajjjkck,OPERATIONAL,OPERATIONAL,2026-10-03T20:05:48.903172+00:00,OK,
OKONOMI Brooklyn,ChIJ2YwyMVhZwokRE47dTb7x1fo,OPERATIONAL,OPERATIONAL,2026-10-03T20:05:49.217298+00:00,OK,
OKONOMI / YUJI Ramen Manhattan,ChIJtSiEHwBZwokRvaIX7do3E7Y,OPERATIONAL,CLOSED_PERMANENTLY,2026-10-03T20:05:49.603552+00:00,OK,
Om Wok,ChIJpX5YOaNfwokRhkh_BM_Op6E,OPERATIONAL,OPERATIONAL,2026-10-03T20:05:49.919100+00:00,OK,
Omusubi Gonbei,ChIJGRSN3gNZwokRI7SjrWSeni8,OPERATIONAL,OPERATIONAL,2026-10-03T20:05:50.224673+00:00,OK,
senti senti,ChIJPQQJuidawokRnPb9DhoE-kQ,OPERATIONAL,OPERATIONAL,2026-10-03T20:05:50.627343+00:00,OK,
Ootoya Times Square,ChIJOYze16pZwokRG9GTU_NvhGM,OPERATIONAL,OPERATIONAL,2026-10-03T20:05:50.942346+00:00,OK,
OTB,ChIJ51pNHN9bwokROF0EWcMTsoU,OPERATIONAL,OPERATIONAL,2026-10-03T20:05:51.245861+00:00,OK,
Ozakaya,ChIJcdtiwplbwokRcYySLGqp37M,OPERATIONAL,OPERATIONAL,2026-10-03T20:05:51.555303+00:00,OK,
Pasta Louise Cafe,ChIJUT2KUtFbwokRql5GDwF2rq8,OPERATIONAL,OPERATIONAL,2026-10-03T20:05:51.893899+00:00,OK,
Pasticceria Monteleone BK,ChIJOzk67FlawokRFg5yFwWBBHw,OPERATIONAL,OPERATIONAL,2026-10-03T20:05:52.213158+00:00,OK,
Pata Cafe,ChIJaaNE009ewokRPCHe9P866u4,OPERATIONAL,CLOSED_PERMANENTLY,2026-10-03T20:05:52.591117+00:00,OK,
Peaches HotHouse,ChIJoxuT5Y5bwokR4BUNuEswrcI,OPERATIONAL,OPERATIONAL,2026-10-03T20:05:52.899029+00:00,OK,
Pecking House Prospect Heights,ChIJR3HTh69bwokRVly3OWNtbCQ,CLOSED_TEMPORARILY,CLOSED_PERMANENTLY,2026-10-03T20:05:53.230788+00:00,OK,
Peppercorn Station 青花椒 纽约,ChIJ5ckmp3JZwokRYISySgjWO7k,OPERATIONAL,OPERATIONAL,2026-10-03T20:05:53.629960+00:00,OK,
Phayul,ChIJidFNLAdfwokRDaE9PudSm7Q,OPERATIONAL,OPERATIONAL,2026-10-03T20:05:53.955889+00:00,OK,
Philomena's Pizza,ChIJvXR6z1VfwokRYGnzn7W9eao,OPERATIONAL,OPERATIONAL,2026-10-03T20:05:54.254175+00:00,OK,
Pho & Poke House,ChIJOecyJbTmrIkRSzNlWvgXDo4,OPERATIONAL,OPERATIONAL,2026-10-03T20:05:54.579069+00:00,OK,
Pier 17,ChIJR1pTRTxawokRyzoX5XQ_alI,OPERATIONAL,OPERATIONAL,2026-10-03T20:05:54.908442+00:00,OK,
Pig and Khao - LES,ChIJrwEBvIFZwokRY4Q6tww-Am8,CLOSED_PERMANENTLY,CLOSED_PERMANENTLY,2026-10-03T20:05:55.212707+00:00,OK,
pinkFROG cafe,ChIJif490AJZwokRtX3kYQ2ey04,OPERATIONAL,OPERATIONAL,2026-10-03T20:05:55.529858+00:00,OK,
Plum Southern Kitchen & Bar,ChIJE-bCLJjlrIkRuBojFxpb0g4,OPERATIONAL,CLOSED_PERMANENTLY,2026-10-03T20:05:55.848497+00:00,OK,
Pochana Thai Kitchen,ChIJS6RtpzhfwokREkNkq6h__dQ,OPERATIONAL,OPERATIONAL,2026-10-03T20:05:56.186291+00:00,OK,
Pranakhon,ChIJeWk_ncJZwokR1QHfApa0dQo,OPERATIONAL,OPERATIONAL,2026-10-03T20:05:56.531457+00:00,OK,
Hungry House - Manhattan,ChIJHblDaXFZwokRLBEPK0C174M,CLOSED_TEMPORARILY,CLOSED_TEMPORARILY,2026-10-03T20:05:56.846226+00:00,OK,
Purple Dough,ChIJXdqdlANfwokRoT45jq1AotQ,OPERATIONAL,OPERATIONAL,2026-10-03T20:05:57.197254+00:00,OK,
Q noodles,ChIJX279hqnzrIkR31Wu5LwKY4g,OPERATIONAL,OPERATIONAL,2026-10-03T20:05:57.526488+00:00,OK,
Rabbit House Omakase & Sake Bar,ChIJVyEPi4dZwokRMd36Qil0Q08,OPERATIONAL,CLOSED_PERMANENTLY,2026-10-03T20:05:57.859708+00:00,OK,
Radio Bakery,ChIJidmaBvdZwokRpeaRMeb_rX4,OPERATIONAL,OPERATIONAL,2026-10-03T20:05:58.191260+00:00,OK,
Ray's Candy Store,ChIJzWP0UJ1ZwokR99xSXUOZZ08,OPERATIONAL,OPERATIONAL,2026-10-03T20:05:58.497770+00:00,OK,
Red Hook Tavern,ChIJv0LelZRbwokRrUvqWn_7o98,OPERATIONAL,OPERATIONAL,2026-10-03T20:05:58.815475+00:00,OK,
Red Rooster Harlem,ChIJFcYLJw32wokRnP5A9xO9JqM,OPERATIONAL,OPERATIONAL,2026-10-03T20:05:59.119447+00:00,OK,
Renee's Kitchenette & Grill,ChIJZ949wwNfwokRhpCbCHtoMyQ,OPERATIONAL,OPERATIONAL,2026-10-03T20:05:59.483715+00:00,OK,
Rice Thief,ChIJnxFt6K5fwokRKBa4WLOwtk0,OPERATIONAL,OPERATIONAL,2026-10-03T20:05:59.804603+00:00,OK,
Rio Bonito Grill,ChIJ04fgjKxfwokRJhS7n4zAVBM,OPERATIONAL,OPERATIONAL,2026-10-03T20:06:00.121802+00:00,OK,
Robert Is Here Fruit Stand,ChIJfRsZUyrh2YgRGW3Q2YUNHiE,OPERATIONAL,OPERATIONAL,2026-10-03T20:06:00.441656+00:00,OK,
Rolo’s,ChIJWUhoPQhdwokRYsDwo5qMnMU,OPERATIONAL,OPERATIONAL,2026-10-03T20:06:00.770284+00:00,OK,
Rowdy Rooster - East Village,ChIJm4-M5n9ZwokRalc0nCElVto,OPERATIONAL,CLOSED_PERMANENTLY,2026-10-03T20:06:01.101446+00:00,OK,
S-Meat & Hueso,ChIJ7zwV-HNfwokRDNmvAibXHfM,OPERATIONAL,OPERATIONAL,2026-10-03T20:06:01.414485+00:00,OK,
S Wan Cafe,ChIJvVCtiIdZwokRCynifPl-aa8,OPERATIONAL,OPERATIONAL,2026-10-03T20:06:01.740498+00:00,OK,
Sagara food city,ChIJ5bAvx6hPwokRbVB2BPRGZFI,OPERATIONAL,CLOSED_PERMANENTLY,2026-10-03T20:06:02.056485+00:00,OK,
Saigon Shack,ChIJp7CcJ5JZwokRCZHeOFZwxkc,OPERATIONAL,OPERATIONAL,2026-10-03T20:06:02.353732+00:00,OK,
SALSWEE,ChIJLyg8CaBZwokRbwSEztdB0Y8,OPERATIONAL,OPERATIONAL,2026-10-03T20:06:02.684328+00:00,OK,
Samossa Bites,ChIJ9xCKxV5fwokRCWtlce1kXTY,OPERATIONAL,OPERATIONAL,2026-10-03T20:06:03.014554+00:00,OK,
Sam's Falafel Stand,ChIJha_VQhdawokRuVhfhUyURGg,OPERATIONAL,OPERATIONAL,2026-10-03T20:06:03.350846+00:00,OK,
San Matteo Pizza & Espresso Bar,ChIJH_BcLqVYwokRQcOB4SsoZxY,OPERATIONAL,CLOSED_PERMANENTLY,2026-10-03T20:06:03.681297+00:00,OK,
Sanuki Udon,ChIJNejimAdZwokRC3iuaLWUJXY,OPERATIONAL,OPERATIONAL,2026-10-03T20:06:04.008128+00:00,OK,
Sanyuu West,ChIJeTRXkt1ZwokRzC-G7wRz4X0,OPERATIONAL,OPERATIONAL,2026-10-03T20:06:04.338100+00:00,OK,
Sao Mai,ChIJiRyw_Z1ZwokRJoGTZBGAwHY,OPERATIONAL,OPERATIONAL,2026-10-03T20:06:04.658221+00:00,OK,
Saranrom Thai,ChIJUU0Hd95fwokR3tAJqfPpDvs,OPERATIONAL,OPERATIONAL,2026-10-03T20:06:04.999473+00:00,OK,
Scoop Local,ChIJlY-doxXlrIkR0tKJWMiylOI,CLOSED_PERMANENTLY,CLOSED_PERMANENTLY,2026-10-03T20:06:05.390862+00:00,OK,
Semma,ChIJxZmzO7hZwokRx2fls4uU4YU,OPERATIONAL,OPERATIONAL,2026-10-03T20:06:05.782674+00:00,OK,
sendo,ChIJ147VsupZwokRC6Jn6kFXQPU,OPERATIONAL,OPERATIONAL,2026-10-03T20:06:06.090197+00:00,OK,
Seven Scents 七号小串 | Skewers · Beer · Chinese BBQ,ChIJf2cZcgBZwokRpB2AdSkpwjM,OPERATIONAL,OPERATIONAL,2026-10-03T20:06:06.402354+00:00,OK,
Shanghai You Garden,ChIJH8LwGw5gwokRk9ncph3wEUI,OPERATIONAL,OPERATIONAL,2026-10-03T20:06:06.751360+00:00,OK,
Sho Nuff Seafood,ChIJowhbU3HkrIkR819af9WuGdc,OPERATIONAL,OPERATIONAL,2026-10-03T20:06:07.090893+00:00,OK,
Shoo Loong Kan Hotpot Manhattan 小龙坎火锅,ChIJJccD46NZwokRu4jCJM5f_AI,OPERATIONAL,OPERATIONAL,2026-10-03T20:06:07.422842+00:00,OK,
Shu Jiao Fu Zhou,ChIJ3au6oIdZwokRRpuRY9nbgik,OPERATIONAL,OPERATIONAL,2026-10-03T20:06:07.734576+00:00,OK,
Sobaya,ChIJVUXabZxZwokRh-_g7s0HxVI,OPERATIONAL,OPERATIONAL,2026-10-03T20:06:08.057448+00:00,OK,
Soft Swerve - JACX&CO,ChIJgYtwrptZwokRPbYGVz1NRSw,OPERATIONAL,OPERATIONAL,2026-10-03T20:06:08.402256+00:00,OK,
Soothr,ChIJ0aS81yNZwokRIk-S2YSuvls,OPERATIONAL,OPERATIONAL,2026-10-03T20:06:08.799930+00:00,OK,
Sopo Korean Eats,ChIJyyiKvBNZwokRYcYmgNYPxR8,OPERATIONAL,OPERATIONAL,2026-10-03T20:06:09.115011+00:00,OK,
Southern Junction,ChIJM6VzmXtt04kRS1mirH3ZVlU,OPERATIONAL,OPERATIONAL,2026-10-03T20:06:09.414791+00:00,OK,
Spiga Restaurant,ChIJq5dFPYVYwokR7SJ1_3TWq1E,OPERATIONAL,OPERATIONAL,2026-10-03T20:06:09.733745+00:00,OK,
St. Anselm,ChIJc3Sn6BNewokR_RkenZvQhlM,OPERATIONAL,OPERATIONAL,2026-10-03T20:06:10.069723+00:00,OK,
Steve's Authentic Key Lime Pie,ChIJ8x57qIhawokRMX-QQ7JtIUc,OPERATIONAL,OPERATIONAL,2026-10-03T20:06:10.391604+00:00,OK,
Strand Book Store,ChIJnSKGEJlZwokRQIpiCvzKzV4,OPERATIONAL,OPERATIONAL,2026-10-03T20:06:10.727752+00:00,OK,
Suki,ChIJI6Fyq0dZwokRzHGWG9_YM50,CLOSED_TEMPORARILY,OPERATIONAL,2026-10-03T20:06:11.056304+00:00,OK,
Sushi 35 West,ChIJuxVeogZZwokR8J75zgiqFX8,OPERATIONAL,OPERATIONAL,2026-10-03T20:06:11.396063+00:00,OK,
Sushi Sho,ChIJT_JHTgFZwokRXleXHadsVaE,OPERATIONAL,OPERATIONAL,2026-10-03T20:06:11.729392+00:00,OK,
Sweet Cake,ChIJsRvSV21hwokRFnXOw76ysmU,OPERATIONAL,OPERATIONAL,2026-10-03T20:06:12.059090+00:00,OK,
Sweet Talk Cafe,ChIJm4ed4NyTrIkRCgqkebIStvg,OPERATIONAL,OPERATIONAL,2026-10-03T20:06:12.386036+00:00,OK,
Sybil's Bakery & Restaurant,ChIJL7GPxt1gwokRFcx-mlU8sys,OPERATIONAL,OPERATIONAL,2026-10-03T20:06:12.770906+00:00,OK,
Sylla,ChIJ8cO6EbH3wokRs0M2GGlpRww,OPERATIONAL,OPERATIONAL,2026-10-03T20:06:13.083105+00:00,OK,
Taberna Tapas,ChIJK_rmf23krIkR06taxOVUYLg,OPERATIONAL,OPERATIONAL,2026-10-03T20:06:13.376020+00:00,OK,
Taiwan Pork Chop House,ChIJzaUdIOpbwokRgrVeM4cBDOI,OPERATIONAL,OPERATIONAL,2026-10-03T20:06:13.663548+00:00,OK,
Taiyaki NYC Japanese Ice Cream,ChIJJWY834lZwokRamN-INPv7Yk,OPERATIONAL,OPERATIONAL,2026-10-03T20:06:14.044263+00:00,OK,
Tao Hong,ChIJdeg6_4dZwokREfyUpdXAOpE,OPERATIONAL,OPERATIONAL,2026-10-03T20:06:14.371475+00:00,OK,
Taverna East Village,ChIJhXfp8HVZwokRKCGfuDsTj9Y,CLOSED_TEMPORARILY,CLOSED_PERMANENTLY,2026-10-03T20:06:14.680474+00:00,OK,
Teazzi Tea Shop,ChIJoSDs21xZwokR38kGGaF_O8s,OPERATIONAL,CLOSED_PERMANENTLY,2026-10-03T20:06:15.002981+00:00,OK,
Teranga Cafe,ChIJ5ZPpJvv3wokRC0HqmTJnIgk,CLOSED_PERMANENTLY,CLOSED_PERMANENTLY,2026-10-03T20:06:15.350869+00:00,OK,
The Brooklyn Cat Cafe,ChIJAYsFhkVawokRw3cAQ-2bsqo,OPERATIONAL,OPERATIONAL,2026-10-03T20:06:15.745747+00:00,OK,
Avant Gardner,ChIJgVs77qhewokRI_akAB46vUA,OPERATIONAL,CLOSED_PERMANENTLY,2026-10-03T20:06:16.058997+00:00,OK,
The Dolar Shop Hot Pot Manhattan,ChIJaVSb2EBZwokRJMIsBasdHpg,OPERATIONAL,OPERATIONAL,2026-10-03T20:06:16.378712+00:00,OK,
The Hideout Chai Bar,ChIJv_6WmoZZwokRbuo1pyegDRE,OPERATIONAL,OPERATIONAL,2026-10-03T20:06:16.698060+00:00,OK,
The Hugh,ChIJCwFFZmBZwokR4O1BUs_zrJU,OPERATIONAL,OPERATIONAL,2026-10-03T20:06:17.027092+00:00,OK,
The Mark Hotel,ChIJXYOiRJRYwokRm1i3c9R6WDA,OPERATIONAL,OPERATIONAL,2026-10-03T20:06:17.417709+00:00,OK,
The Met Cloisters,ChIJK6bycAH0wokRrSnflfrnkZE,OPERATIONAL,OPERATIONAL,2026-10-03T20:06:17.804429+00:00,OK,
The Trestle,ChIJRRMBFzpfwokRz_IwKtrMbdw,OPERATIONAL,CLOSED_PERMANENTLY,2026-10-03T20:06:18.126315+00:00,OK,
Theodora,ChIJJye7jZBbwokRtioAck7uEIg,OPERATIONAL,OPERATIONAL,2026-10-03T20:06:18.518127+00:00,OK,
Thirteen Water,ChIJsTmHXltZwokRXisc2lNWYrE,OPERATIONAL,OPERATIONAL,2026-10-03T20:06:18.825955+00:00,OK,
THREE-HOT-POT & BBQ,ChIJI4fvvy1ZwokR7gB_eAfsKBk,OPERATIONAL,CLOSED_PERMANENTLY,2026-10-03T20:06:19.122252+00:00,OK,
Tokyo Ya,ChIJAxwnU2BfwokR3rwo_uhZnx8,OPERATIONAL,OPERATIONAL,2026-10-03T20:06:19.441747+00:00,OK,
Tomi Jazz,ChIJVcSnm-NYwokRnGivcMPc81Q,OPERATIONAL,OPERATIONAL,2026-10-03T20:06:19.848991+00:00,OK,
TONCHIN NEW YORK,ChIJBwGziqlZwokRb3MTH3xUt0Y,OPERATIONAL,OPERATIONAL,2026-10-03T20:06:20.236591+00:00,OK,
Tortas Neza,ChIJjWjjZmlfwokR6fwfNr8fsXc,OPERATIONAL,OPERATIONAL,2026-10-03T20:06:20.535603+00:00,OK,
Trinciti Roti Shop & Restaurant,ChIJldBYqUdnwokRZjmk27CkPKQ,OPERATIONAL,OPERATIONAL,2026-10-03T20:06:20.850029+00:00,OK,
Two Boots Pizza East Village,ChIJ7-7w8IJZwokR8RpCb38T-b8,OPERATIONAL,CLOSED_PERMANENTLY,2026-10-03T20:06:21.170825+00:00,OK,
Ubani - Bay Ridge,ChIJnyj5t9tPwokRzZB8MaTh8Ng,OPERATIONAL,OPERATIONAL,2026-10-03T20:06:21.503353+00:00,OK,
Underground Pizza,ChIJqW49gRZawokR2Qe0VaIztUU,OPERATIONAL,OPERATIONAL,2026-10-03T20:06:21.833527+00:00,OK,
Urban Jungle,ChIJMQcg0ANcwokRoM3AJoyxFsc,OPERATIONAL,OPERATIONAL,2026-10-03T20:06:22.155987+00:00,OK,
Urban Noodle兰州拉面.刀削面.泡菜.肉夹馍.釀皮.炸酱面,ChIJRxgh31_vrIkRx6scNwgJVd8,OPERATIONAL,CLOSED_PERMANENTLY,2026-10-03T20:06:22.506874+00:00,OK,
Very Fresh Noodles,ChIJHfCeYL9ZwokRWJA_N5ywsvk,OPERATIONAL,OPERATIONAL,2026-10-03T20:06:22.841633+00:00,OK,
Vezzo NYC Thin Crust Pizza,ChIJzUb4cghZwokRHMDVYRngGeI,OPERATIONAL,OPERATIONAL,2026-10-03T20:06:23.179645+00:00,OK,
Voilà Afrique,ChIJ2ZGvvvdZwokRkF5GiWyBOjc,OPERATIONAL,OPERATIONAL,2026-10-03T20:06:23.519568+00:00,OK,
Walter's Hot Dogs - Mamaroneck,ChIJsa5CHIqRwokRzKO1FPeVqF0,OPERATIONAL,OPERATIONAL,2026-10-03T20:06:23.838615+00:00,OK,
West New Malaysia,ChIJ96ZaW9RZwokR_9w0VNf-5lw,OPERATIONAL,OPERATIONAL,2026-10-03T20:06:24.165500+00:00,OK,
West Rice Roll King 西关肠粉王,ChIJv8ppS0dbwokRrn2vYIST7U4,OPERATIONAL,OPERATIONAL,2026-10-03T20:06:24.555026+00:00,OK,
Win Son Bakery,ChIJWUWEmp9bwokRD6Q20axkQoc,OPERATIONAL,OPERATIONAL,2026-10-03T20:06:24.895085+00:00,OK,
Witch Topokki Flushing,ChIJPZYVwMxhwokRxhqo2ESo7AI,CLOSED_PERMANENTLY,CLOSED_PERMANENTLY,2026-10-03T20:06:25.214916+00:00,OK,
Wo Hop,ChIJBfjMbPJbwokRrcQD5YX1LEI,OPERATIONAL,OPERATIONAL,2026-10-03T20:06:25.533527+00:00,OK,
Wondee Siam,ChIJj5dV51lYwokRbXx-MhBdMWA,OPERATIONAL,OPERATIONAL,2026-10-03T20:06:25.844399+00:00,OK,
Xiang Hotpot-Brooklyn,ChIJD5l6DchFwokRZKxRc9LcNqU,OPERATIONAL,OPERATIONAL,2026-10-03T20:06:26.166936+00:00,OK,
Xie Bao Flushing 蟹寶,ChIJw9v2VQBhwokRFqwgp_ITfG8,OPERATIONAL,OPERATIONAL,2026-10-03T20:06:26.487292+00:00,OK,
Yagg Sii Tenn Authentic African Cuisine,ChIJAQAka_TtrIkRI-EfWl8iBuE,OPERATIONAL,OPERATIONAL,2026-10-03T20:06:26.875832+00:00,OK,
Yamato Japanese Restaurant,ChIJ_xver3Nx1oYRUwPUykrnxUc,OPERATIONAL,OPERATIONAL,2026-10-03T20:06:27.266622+00:00,OK,
Yemen Café & Restaurant,ChIJExC3nU9awokRgODOvdb3awc,OPERATIONAL,OPERATIONAL,2026-10-03T20:06:27.592568+00:00,OK,
Yin Ji Chang Fen 銀記腸粉,ChIJqwTG-uphwokR_QqTc3u-m8M,OPERATIONAL,OPERATIONAL,2026-10-03T20:06:27.995758+00:00,OK,
Yummy Noodle House,ChIJz__1TsphwokR0jywVu1dqOM,OPERATIONAL,OPERATIONAL,2026-10-03T20:06:28.320731+00:00,OK,
Zhego NYC,ChIJcUvF2cFfwokRgmZtEjHQF0g,CLOSED_TEMPORARILY,CLOSED_PERMANENTLY,2026-10-03T20:06:28.644557+00:00,OK,
Zuma New York,ChIJjxZ92gBZwokRBs-63wLcBp8,OPERATIONAL,OPERATIONAL,2026-10-03T20:06:28.969284+00:00,OK,
